key,district_lbl,priority,gi_z,gi_p,hotspot,lisa_quadrant,lisa_p
03020,Sants-Montjuic,0.0033601737455692835,11.613883362201468,0.0,hot,HH,0.001
03025,Sants-Montjuic,0.05227278418623923,10.788788593506263,0.0,hot,HH,0.003
03032,Sants-Montjuic,0.0,10.123679934731578,0.0,hot,LH,0.001
03045,Sants-Montjuic,0.0,10.060074016835598,0.0,hot,LH,0.001
03006,Sants-Montjuic,0.0003892884217427828,9.793761212292376,0.0,hot,LH,0.004
02150,Eixample,0.0020167302959730273,8.650758620808537,0.0,hot,HH,0.001
03053,Sants-Montjuic,0.0,8.643454792399776,0.0,hot,LH,0.005
03046,Sants-Montjuic,0.00021740961565167111,8.156411020870983,4.440892098500626e-16,hot,LH,0.004
10056,Sant Marti,0.009242754340793557,8.1384065368202,4.440892098500626e-16,hot,HH,0.001
03038,Sants-Montjuic,0.0004666907979957338,7.865179454213368,3.552713678800501e-15,hot,LH,0.004
03023,Sants-Montjuic,0.00030790209965328284,7.843320130728128,4.440892098500626e-15,hot,LH,0.002
02149,Eixample,0.007456381484440984,7.373842178718954,1.6564527527407336e-13,hot,HH,0.003
03004,Sants-Montjuic,0.0010077960128670068,7.350768674841902,1.971756091734278e-13,hot,LH,0.001
03013,Sants-Montjuic,0.0,7.219480252383701,5.218048215738236e-13,hot,LH,0.005
03054,Sants-Montjuic,0.0017146618312946914,7.21943905739705,5.220268661787486e-13,hot,LH,0.004
03005,Sants-Montjuic,0.0012579308978903298,7.210067197933843,5.591083152012288e-13,hot,LH,0.008
02154,Eixample,0.00031643912644588773,6.959864604199201,3.4061642395499803e-12,hot,LH,0.003
03022,Sants-Montjuic,0.0027290028980360283,6.859820726995382,6.894707027527147e-12,hot,HH,0.002
10086,Sant Marti,0.0034933513635339196,6.812255018613879,9.60809209971103e-12,hot,HH,0.007
10052,Sant Marti,0.02506897917648425,6.786799008836764,1.1464829086094142e-11,hot,HH,0.012
03047,Sants-Montjuic,0.00014825969863157152,6.786758890781129,1.1468159755168017e-11,hot,LH,0.002
03011,Sants-Montjuic,0.00015167450934861347,6.64781059531403,2.974842594483107e-11,hot,LH,0.005
03008,Sants-Montjuic,0.0,6.591167255590825,4.363820416131148e-11,hot,LH,0.009
03039,Sants-Montjuic,0.0028499441109312643,6.581833849459814,4.6468162651081e-11,hot,HH,0.005
03007,Sants-Montjuic,0.0,6.545916195526091,5.913181055916539e-11,hot,LH,0.01
03042,Sants-Montjuic,0.004215014695068785,6.476312135488983,9.399148126476575e-11,hot,HH,0.004
10051,Sant Marti,0.007947971943915147,6.22027241141381,4.962923405571473e-10,hot,HH,0.009
02079,Eixample,0.008719861449746506,6.169759901277884,6.839377952871928e-10,hot,HH,0.009
10043,Sant Marti,0.022804105968406173,6.1127908763490115,9.79036407500189e-10,hot,HH,0.008
10090,Sant Marti,0.003894307055226596,6.103691568927237,1.0364620273151104e-09,hot,HH,0.007
10093,Sant Marti,0.00475256281544314,6.090533429617989,1.125350923558699e-09,hot,HH,0.007
02091,Eixample,0.0150251671549846,5.934042187658234,2.955658384706794e-09,hot,HH,0.013
10085,Sant Marti,0.0012677484787018255,5.885231758226329,3.974965911979211e-09,hot,LH,0.006
03024,Sants-Montjuic,0.10767410412440838,5.800264347594997,6.621045933741243e-09,hot,HH,0.044
10094,Sant Marti,0.012822187391152907,5.650594777350257,1.5989361834556348e-08,hot,HH,0.008
10053,Sant Marti,0.008953633700084004,5.629884469402001,1.803303706360282e-08,hot,HH,0.008
10087,Sant Marti,0.0022251760334924633,5.580957980760887,2.3919743075140332e-08,hot,HH,0.009
10054,Sant Marti,0.0027698383428606554,5.435937046774123,5.4509199376440165e-08,hot,HH,0.004
10089,Sant Marti,0.07115327264076418,5.364152910970853,8.13299854129923e-08,hot,ns,0.05
10084,Sant Marti,0.003532906254339655,5.350767750340337,8.758186464952189e-08,hot,HH,0.009
02081,Eixample,0.02020913439101404,5.046902081779435,4.490313312288663e-07,hot,HH,0.008
02078,Eixample,0.006470924025014627,4.99826699434727,5.784785179763219e-07,hot,HH,0.015
03026,Sants-Montjuic,0.001429098285082058,4.923576853060212,8.497648158467541e-07,hot,LH,0.004
10055,Sant Marti,0.029675843401333595,4.91130455280912,9.047243871851407e-07,hot,HH,0.015
10088,Sant Marti,0.00052417344506594,4.9045382762516185,9.364735986672201e-07,hot,LH,0.009
10237,Sant Marti,0.00032440701811898567,4.645397834649523,3.394217175545222e-06,hot,LH,0.013
10101,Sant Marti,0.007694706815734537,4.555245199450495,5.232450653869236e-06,hot,HH,0.014
02076,Eixample,0.007603645196613417,4.469817880865431,7.82862280201968e-06,hot,HH,0.01
02075,Eixample,0.004531738389074428,4.443127935561512,8.866041038446681e-06,hot,HH,0.013
01001,Ciutat Vella,0.005496137849079026,4.403329172409977,1.066022299411884e-05,hot,HH,0.01
04053,Les Corts,0.00719842099152444,4.364564689970954,1.2737615245672629e-05,hot,HH,0.013
02164,Eixample,0.0056811067629187985,4.350765047397731,1.3566335853143485e-05,hot,HH,0.013
02077,Eixample,0.03229471865374502,4.197855413416849,2.694545688219918e-05,hot,HH,0.027
02072,Eixample,0.0046168240894407225,4.142791479332823,3.431038802714781e-05,hot,HH,0.016
10058,Sant Marti,0.0016462233331739754,4.095376049696995,4.2148368291972105e-05,hot,LH,0.018
04055,Les Corts,0.019121517177636178,3.9327138440491027,8.399220262500506e-05,hot,HH,0.02
10050,Sant Marti,0.002135679535949989,3.8684122707407798,0.00010954633552140436,hot,HH,0.011
02090,Eixample,0.005129330264556769,3.776560957702844,0.00015900865730311686,hot,HH,0.014
02013,Eixample,0.003564350969692417,3.711227443425728,0.00020625667291729322,hot,HH,0.018
02083,Eixample,0.015057181005456867,3.622575591040872,0.0002916841834426087,hot,HH,0.017
02088,Eixample,0.007028818725911357,3.617543716002148,0.0002974121090097981,hot,HH,0.014
02084,Eixample,0.00863093408732354,3.6083277225167927,0.0003081770507948889,hot,HH,0.018
10047,Sant Marti,0.007977851537689266,3.550631548908325,0.000384308022760127,hot,HH,0.021
03031,Sants-Montjuic,0.0,3.497584330013068,0.00046949225484405055,hot,LH,0.015
10042,Sant Marti,0.03827376765172573,3.468896465604993,0.0005226008085295053,hot,HH,0.043
02080,Eixample,0.009455041740369664,3.457611009194106,0.0005449876621987926,hot,HH,0.013
01036,Ciutat Vella,0.0006658880898231812,3.4489413552064794,0.0005627889148178689,hot,LH,0.015
01043,Ciutat Vella,0.02989097647650724,3.314423376218702,0.0009183234497984749,hot,HH,0.041
02014,Eixample,0.0017085436287599912,3.256798211296717,0.0011267650317154931,hot,LH,0.015
02089,Eixample,0.007444287363151461,3.157241556929051,0.0015926934945396098,hot,HH,0.015
02082,Eixample,0.003030075376255227,3.0906644767317384,0.0019970916281641937,hot,HH,0.032
10066,Sant Marti,0.002629404252122305,3.0171590665750276,0.002551558818876476,hot,HH,0.014
01030,Ciutat Vella,0.00838592141837578,2.9997173597736415,0.002702302362925124,hot,HH,0.017
01021,Ciutat Vella,0.0044879149848723885,2.960794026089168,0.003068470750354102,hot,HH,0.019
10048,Sant Marti,0.006044641820503889,2.9329250602531713,0.0033578493084016614,hot,HH,0.025
04056,Les Corts,0.01735862114496327,2.8938212765405593,0.003805847201678425,hot,HH,0.035
10097,Sant Marti,0.0019761794187081543,2.804477589010849,0.005039819113222155,hot,HH,0.027
03030,Sants-Montjuic,0.0028266095710314776,2.790505665904368,0.005262577912340527,hot,HH,0.022
10234,Sant Marti,0.0,2.7276269078211337,0.006379171394710337,hot,LH,0.012
01055,Ciutat Vella,0.00978200986652643,2.69937621995774,0.006946959301668665,hot,HH,0.028
01052,Ciutat Vella,0.004468706674589027,2.683166984849045,0.007292856632099998,hot,HH,0.032
10059,Sant Marti,0.003540874146012753,2.663767873585485,0.007727086273549011,hot,HH,0.031
04052,Les Corts,0.012197561597493986,2.6371971071952944,0.008359424259701154,hot,HH,0.036
01022,Ciutat Vella,0.002537773497881679,2.6260744607993995,0.008637591986679904,hot,HH,0.018
10098,Sant Marti,0.004653817872208677,2.6078280993768064,0.00911187002967484,hot,HH,0.026
04054,Les Corts,0.0009672451356021336,2.5307478012762386,0.011381965452753828,hot,LH,0.016
02074,Eixample,0.0064283811748314795,2.519863360318284,0.011740039809604585,hot,HH,0.024
01044,Ciutat Vella,0.0008387628823734301,2.5088446554208,0.012112673951114594,hot,LH,0.024
10067,Sant Marti,0.0014073288667609154,2.4789053709870617,0.013178626439402485,hot,LH,0.026
10037,Sant Marti,0.00019805902158843335,2.412385766291618,0.015848502946270493,hot,LH,0.018
02092,Eixample,0.006988267848646483,2.3187598603795148,0.02040806076121804,hot,HH,0.03
01032,Ciutat Vella,0.00747317097046644,2.2972030856398016,0.02160718719564514,hot,HH,0.032
01042,Ciutat Vella,0.001701287155986277,2.2966557798397687,0.02163841391090804,hot,LH,0.022
02073,Eixample,0.01187215859291586,2.2773806745976417,0.022763503118216732,hot,ns,0.05
09010,Sant Andreu,0.00044819390661175653,2.263544352912484,0.023602153739503473,hot,LH,0.035
02022,Eixample,0.0022270257226308615,2.1807865321887436,0.029199209169359808,hot,HH,0.029
02007,Eixample,0.002394920582885424,2.0163474633711527,0.04376365502370061,hot,HH,0.034
01026,Ciutat Vella,0.003367003367003367,1.9777373482797018,0.04795834459907278,hot,HH,0.035
02098,Eixample,0.0032952923419454863,1.9712613368854146,0.04869399128700458,hot,HH,0.036
10041,Sant Marti,0.0013506999223699696,1.9608609887521649,0.04989524118148081,hot,LH,0.034
02144,Eixample,0.0053014936382076334,1.9369487463214583,0.05275160888391239,ns,HH,0.043
01046,Ciutat Vella,0.00016533375221678128,1.9337087317580448,0.053148949658919475,ns,LH,0.024
02006,Eixample,0.004714715329995925,1.9315990770824385,0.053409009860736045,ns,HH,0.048
10096,Sant Marti,0.00038715416504463157,1.9262568243982399,0.05407231362870135,ns,LH,0.043
02068,Eixample,0.005486462552047407,1.905944899145242,0.05665735491083268,ns,HH,0.046
05006,Sarria-Sant Gervasi,0.003884347190635223,1.8680385989708879,0.061756690940315107,ns,HH,0.044
02069,Eixample,0.0035058723361630732,1.794556101899694,0.07272445255671056,ns,HH,0.035
01045,Ciutat Vella,0.001663439670539062,1.736140919444099,0.08253892064151058,ns,LH,0.03
02087,Eixample,0.0015753660107953548,1.708910390382885,0.08746754955681535,ns,LH,0.042
01023,Ciutat Vella,0.0,1.6927792879188859,0.09049748654962286,ns,LH,0.047
10137,Sant Marti,0.003233256613919224,1.6780791761887985,0.09333164334590305,ns,HH,0.044
10236,Sant Marti,0.0011994522643609864,1.6698670019972546,0.09494568030832351,ns,LH,0.026
02065,Eixample,0.005951019093344989,1.60835828025686,0.10775673328088198,ns,ns,0.059
10044,Sant Marti,0.0009857420269861108,1.589112181482306,0.11203506809143504,ns,LH,0.042
09009,Sant Andreu,0.012715901407584978,1.5809019191893112,0.11390046544925259,ns,ns,0.081
02085,Eixample,0.005596021062552503,1.571113924835388,0.11615618870112532,ns,ns,0.053
02163,Eixample,0.005132745075273812,1.569330869220484,0.11657086303004971,ns,ns,0.073
02145,Eixample,0.0042172912355468144,1.5475289713761131,0.12173574399989029,ns,ns,0.055
02063,Eixample,0.0022036911827310744,1.542820442619146,0.12287434803900155,ns,HH,0.026
09013,Sant Andreu,0.0008030496536243662,1.5378894200102495,0.12407565460939551,ns,LH,0.049
02062,Eixample,0.005448757350380068,1.5322143980150973,0.12546953669959704,ns,ns,0.054
02070,Eixample,0.0013972267183896664,1.514034181935888,0.13001717024195858,ns,LH,0.045
10057,Sant Marti,0.0036798853989523364,1.5091753852117138,0.1312539687840637,ns,ns,0.053
02146,Eixample,0.00210850333399353,1.507609453322704,0.13165451185930932,ns,ns,0.061
09014,Sant Andreu,0.012877251213965211,1.4814685490054507,0.13848175983477162,ns,ns,0.311
05017,Sarria-Sant Gervasi,0.0009072013804941459,1.4750538181258797,0.1401980750250793,ns,ns,0.053
02165,Eixample,0.002791607761181798,1.468202985900204,0.14204909345047456,ns,HH,0.044
10095,Sant Marti,0.0013077302208471919,1.4646122749401094,0.1430267310971547,ns,LH,0.039
02094,Eixample,0.005251978882810526,1.4603799235230597,0.14418568733652792,ns,ns,0.073
09015,Sant Andreu,0.008259573421845226,1.4568660978048065,0.1451533459518437,ns,ns,0.086
10235,Sant Marti,0.001417146447572411,1.4316596994729531,0.15224123526714606,ns,LH,0.045
02160,Eixample,0.00849007314524556,1.4124056990945077,0.15783053936037095,ns,ns,0.088
02102,Eixample,0.0012509589926763692,1.3866923911502622,0.16553558174703098,ns,LH,0.033
02064,Eixample,0.0017557818436790714,1.3858096566006386,0.16580503293649596,ns,HH,0.036
02061,Eixample,0.0044605964991360535,1.3799703629176459,0.16759577017274152,ns,ns,0.059
02012,Eixample,0.0011581899681967296,1.369647916628119,0.17079683428375803,ns,ns,0.055
10138,Sant Marti,0.00985386317536419,1.3547559777487186,0.17549531654078265,ns,ns,0.093
02017,Eixample,0.004864397866426264,1.3532770145901436,0.1759671494608792,ns,ns,0.07
02101,Eixample,0.007637224168664331,1.318029850951945,0.18749365532273643,ns,ns,0.109
10069,Sant Marti,0.00665802719555255,1.3144120772915049,0.1887075683629822,ns,ns,0.089
10136,Sant Marti,0.0030038951607579056,1.278141274628609,0.20119961794542052,ns,HH,0.046
02172,Eixample,0.003498046728269852,1.2714579558537582,0.2035657757686784,ns,ns,0.052
02093,Eixample,0.0027290028980360287,1.2623659214361589,0.2068171459207062,ns,ns,0.059
02008,Eixample,0.0059111796349794994,1.2443617548003285,0.21336645207658433,ns,ns,0.08
02057,Eixample,0.0016120752260035559,1.2424790416301663,0.21405986853981163,ns,LH,0.049
06044,Gracia,0.006106535264750274,1.2221243758415472,0.221660596379059,ns,ns,0.076
02095,Eixample,0.003764828815538755,1.221745339072785,0.22180394498507638,ns,ns,0.072
10075,Sant Marti,0.0011126591586361702,1.2215499727194588,0.2218778568731108,ns,LH,0.037
02016,Eixample,0.005672000601006686,1.1987354779493105,0.23063081820578635,ns,ns,0.081
02018,Eixample,0.002957510648518086,1.1840986243701734,0.2363740246182453,ns,ns,0.065
02066,Eixample,0.002238835276360631,1.1780191862672957,0.23878895741912043,ns,ns,0.066
02019,Eixample,0.0028046978689304585,1.1631700764221993,0.24476050472569733,ns,ns,0.065
05005,Sarria-Sant Gervasi,0.0034371492704826038,1.1389251439350612,0.2547343772882007,ns,ns,0.071
10076,Sant Marti,0.008919627876693462,1.1375738765910186,0.255298460004282,ns,ns,0.176
01002,Ciutat Vella,0.0006503791578166155,1.123312243994158,0.26130490550314023,ns,ns,0.063
02169,Eixample,0.006236724923337498,1.1218706531256315,0.26191744011027573,ns,ns,0.087
02104,Eixample,0.0007657713032966583,1.1023748920285539,0.2702987224718707,ns,ns,0.06
02161,Eixample,0.000335505152949372,1.1020659296286681,0.2704330100112802,ns,ns,0.063
10046,Sant Marti,0.0005019771754051673,1.0961982659705372,0.27299201831564135,ns,LH,0.048
09011,Sant Andreu,0.004203631992678646,1.0782240265706537,0.28093379209051217,ns,ns,0.064
05067,Sarria-Sant Gervasi,0.0014410501225917045,1.064805064202423,0.28696415297470335,ns,ns,0.057
02001,Eixample,0.0015868909969653717,1.0585231051673416,0.2898170227379482,ns,ns,0.07
02020,Eixample,0.004760815274675992,1.0498512840479433,0.2937864923730251,ns,ns,0.093
02159,Eixample,0.008773075583420411,1.0466212952871283,0.29527427625971003,ns,ns,0.266
09008,Sant Andreu,0.004609425332887131,1.0425198591931601,0.29717072308802894,ns,ns,0.091
02056,Eixample,0.006784802043422732,1.0392910828094146,0.29866938075794813,ns,ns,0.144
02103,Eixample,0.006433503390907043,1.0233399636598655,0.3061471346143749,ns,ns,0.127
02067,Eixample,0.0043618515559015894,1.0216212321948934,0.3069602045631685,ns,ns,0.073
02005,Eixample,0.004678290682347478,1.0137129820079511,0.31071972765397327,ns,ns,0.109
04049,Les Corts,0.007683324113344397,0.9690170340088351,0.33253669032025224,ns,ns,0.284
02162,Eixample,0.0005421012013304103,0.9554529721361249,0.339348676707631,ns,ns,0.072
02152,Eixample,0.0013972267183896664,0.9487118575722756,0.3427671815835871,ns,ns,0.065
10139,Sant Marti,0.003888331136471772,0.9480950167109031,0.3430810849453292,ns,ns,0.098
02053,Eixample,0.0028130926119431868,0.9378303992521296,0.3483315760171841,ns,ns,0.097
02015,Eixample,0.0027041032365575975,0.9314403134538509,0.35162584571141187,ns,ns,0.083
02170,Eixample,0.0045587723072510085,0.9252237141478331,0.35484955059389645,ns,ns,0.104
02060,Eixample,0.008191277207504387,0.9165649047371474,0.35937068184693244,ns,ns,0.399
02147,Eixample,0.0027409547355456755,0.9147077888068357,0.36034505432600805,ns,ns,0.1
10143,Sant Marti,0.0003073329645337759,0.9123822341118084,0.36156753844928136,ns,LH,0.043
02004,Eixample,0.0004194525830766534,0.8870073820240931,0.37507492610328197,ns,ns,0.078
10091,Sant Marti,0.0038484916781062824,0.8841610001257099,0.3766093079177877,ns,ns,0.082
01012,Ciutat Vella,0.0005899085513689976,0.8831248743228255,0.37716880597987834,ns,ns,0.07
02071,Eixample,0.0029361680815365734,0.8820789192807968,0.3777341312393634,ns,ns,0.074
01009,Ciutat Vella,0.0016244539148528331,0.8776665385915069,0.38012470842544754,ns,ns,0.062
04047,Les Corts,0.007837559730730793,0.876714963283977,0.3806414772680726,ns,ns,0.401
10061,Sant Marti,0.005019771754051674,0.8702737696918017,0.38415080993786965,ns,ns,0.149
05003,Sarria-Sant Gervasi,7.768694381270446e-05,0.8528063245263335,0.3937667160725007,ns,ns,0.05
02086,Eixample,0.003818896651891919,0.839879024227118,0.4009762195856399,ns,ns,0.154
09007,Sant Andreu,0.0003352205853896185,0.8247205406383805,0.4095302673151662,ns,ns,0.066
02117,Eixample,0.000530433931380517,0.8230110900516837,0.41050168688035327,ns,ns,0.076
10080,Sant Marti,0.005005543376063999,0.8083901997485357,0.41886599186107887,ns,ns,0.259
10092,Sant Marti,0.0008070335994609151,0.8056631243343619,0.42043711742279477,ns,ns,0.074
02099,Eixample,0.003418367811538873,0.7940098194490564,0.4271897148771395,ns,ns,0.132
02166,Eixample,0.006492124308216263,0.7898926332532551,0.42959047397814487,ns,ns,0.389
01016,Ciutat Vella,0.004831957164614366,0.7686234089250945,0.44211690474223775,ns,ns,0.247
10081,Sant Marti,0.004820574462224225,0.7520154967574141,0.4520417395429446,ns,ns,0.28
02168,Eixample,0.006449296890473361,0.7411622715457916,0.45859505622008623,ns,ns,0.415
02105,Eixample,0.003478269282866984,0.7396928395820171,0.45948639386845525,ns,ns,0.224
10064,Sant Marti,0.008153429722057173,0.738417314536615,0.4602608961349657,ns,ns,0.611
05068,Sarria-Sant Gervasi,0.00041532635346022776,0.7270407651618309,0.4672009836962796,ns,ns,0.116
02096,Eixample,0.002693147385507088,0.7197771547570208,0.47166221294312116,ns,ns,0.186
05029,Sarria-Sant Gervasi,0.004161515993835128,0.7166456345176159,0.4735927789581509,ns,ns,0.271
10121,Sant Marti,0.002464355067465277,0.7135869067587454,0.4754826562103809,ns,ns,0.128
02002,Eixample,0.00707591465705056,0.7040383956186511,0.481408862802962,ns,ns,0.615
02143,Eixample,0.0016652893596774598,0.699565978408619,0.48419839551448196,ns,ns,0.122
02171,Eixample,0.003961180431768667,0.6979914437015826,0.4851825450322833,ns,ns,0.301
10100,Sant Marti,0.00758301404853129,0.6775907608248234,0.498031205780777,ns,ns,0.622
02142,Eixample,0.0050381263616557734,0.6286581937661808,0.5295728532683253,ns,ns,0.503
10074,Sant Marti,0.002979422350619105,0.6267498423513104,0.5308232265399375,ns,ns,0.285
10135,Sant Marti,0.0035765873747618166,0.6160661943838902,0.5378508325626559,ns,ns,0.382
10065,Sant Marti,0.0013960884481506524,0.6152226287544155,0.5384077056219854,ns,ns,0.2
10106,Sant Marti,0.0003687995574405311,0.6086012276331221,0.5427887905665165,ns,ns,0.133
02052,Eixample,0.002758313356690639,0.6044155841425443,0.5455673772633611,ns,ns,0.323
10062,Sant Marti,0.001346573692753544,0.603570009549158,0.5461295568609756,ns,ns,0.108
04019,Les Corts,0.0019094483259459595,0.581878466116035,0.5606485461672714,ns,ns,0.297
01011,Ciutat Vella,0.003431884770627164,0.5800420410085902,0.5618862673729543,ns,ns,0.412
02058,Eixample,0.00221877326339801,0.5789639518718747,0.5626134969313674,ns,ns,0.282
04050,Les Corts,0.001125180131265324,0.5782965280351782,0.5630639380828386,ns,ns,0.238
10107,Sant Marti,0.0013095799099855897,0.5668779640007708,0.57079709651882,ns,ns,0.245
10082,Sant Marti,0.0019502837707705864,0.5470813342502452,0.5843228553313284,ns,ns,0.095
03029,Sants-Montjuic,0.0014436112306294862,0.5363471936226791,0.5917186197332802,ns,ns,0.073
01007,Ciutat Vella,0.0018619255434671256,0.5303973721772649,0.595836447592972,ns,ns,0.315
04051,Les Corts,0.00026635523592927245,0.5296609725003447,0.596347011686374,ns,ns,0.068
10140,Sant Marti,0.002235562749423466,0.5291585195909339,0.5966954890321383,ns,ns,0.361
02021,Eixample,0.0035403050108932456,0.5267779410410407,0.5983478031438185,ns,ns,0.458
02100,Eixample,0.00205030926802394,0.5172516003778908,0.6049805355649933,ns,ns,0.333
10045,Sant Marti,0.0015807727944306712,0.5164688956315129,0.6055269577532776,ns,ns,0.283
10099,Sant Marti,0.0006658880898231811,0.5138530139791453,0.607354759888189,ns,ns,0.192
02158,Eixample,0.0011768291433605835,0.5137670952993325,0.6074148358340605,ns,ns,0.327
04043,Les Corts,0.002585580847920266,0.508703640647713,0.6109599701402912,ns,ns,0.394
01031,Ciutat Vella,0.001175833156901446,0.508550957310442,0.6110670124171853,ns,ns,0.142
01003,Ciutat Vella,0.0017483830871254805,0.4986211676647683,0.6180462900039485,ns,ns,0.338
02059,Eixample,0.0020232753498473583,0.4981538111953664,0.6183756350192362,ns,ns,0.313
02111,Eixample,0.0041592394533571005,0.4924721660778909,0.6223855938639273,ns,ns,0.586
02109,Eixample,0.0020986857531820344,0.4890330345216413,0.624818309552885,ns,ns,0.388
02106,Eixample,0.002968466499568595,0.4843265072967119,0.6281541666928043,ns,ns,0.462
02010,Eixample,0.0012597805870287278,0.4604281323624991,0.6452089456722085,ns,ns,0.291
05030,Sarria-Sant Gervasi,0.0006543631036531644,0.45936730023592814,0.6459704261685553,ns,ns,0.138
10109,Sant Marti,0.0030775981587340615,0.458826810559459,0.6463585401726857,ns,ns,0.49
01020,Ciutat Vella,0.003011863052431004,0.4559473046084039,0.6484278717561376,ns,ns,0.502
03027,Sants-Montjuic,0.0018585107327500838,0.45475328884205657,0.6492867388193666,ns,ns,0.356
05028,Sarria-Sant Gervasi,0.0010153370532004745,0.44920778117634297,0.653281774842124,ns,ns,0.306
10120,Sant Marti,0.00767620992435056,0.43704825898487704,0.6620763498736815,ns,ns,0.9
02107,Eixample,0.0041084441439411005,0.4255927550783941,0.6704046203761258,ns,ns,0.653
04018,Les Corts,0.001264618235544537,0.4205996988529949,0.674047413678786,ns,ns,0.417
10035,Sant Marti,0.0014777593377999058,0.4158820005871813,0.6774963511461476,ns,ns,0.461
10118,Sant Marti,0.0007290620880884573,0.4097822883524054,0.6819656599514574,ns,ns,0.097
01004,Ciutat Vella,0.004994160673673858,0.40340780186152575,0.6866482482213043,ns,ns,0.741
06068,Gracia,0.002613753036335862,0.39919706738147176,0.6897480039117385,ns,ns,0.539
02108,Eixample,0.002689163439670539,0.3984658563684085,0.6902868216914888,ns,ns,0.553
01015,Ciutat Vella,0.0010659900788365967,0.3820953357095207,0.7023906513903095,ns,ns,0.452
10119,Sant Marti,0.0005395400932926289,0.37412494370917876,0.7083113616383083,ns,ns,0.333
01029,Ciutat Vella,0.0016327063740856846,0.36829352143631555,0.712654382715791,ns,ns,0.507
02054,Eixample,0.0010782264839059971,0.36618033691193935,0.7142305136503335,ns,ns,0.492
02173,Eixample,0.001908025488147192,0.3543856876400618,0.7230498591068262,ns,ns,0.544
02110,Eixample,0.007721171598791612,0.35269000176756526,0.7243208557387109,ns,ns,0.973
02003,Eixample,0.0008756143813615078,0.34133564816665424,0.7328509142393289,ns,ns,0.447
10104,Sant Marti,0.0017506596276035086,0.33990164885283747,0.7339305948898258,ns,ns,0.549
05027,Sarria-Sant Gervasi,0.0036379116838886954,0.339670311670113,0.734104821655359,ns,ns,0.729
01006,Ciutat Vella,0.0,0.33662729265542096,0.7363978792450641,ns,ns,0.271
10122,Sant Marti,0.004542267388785306,0.3353600023221098,0.7373535362112633,ns,ns,0.798
02055,Eixample,0.003976120228655725,0.3320246481561531,0.7398706472278778,ns,ns,0.772
10070,Sant Marti,0.0015656907137637363,0.3259365876638951,0.7444723329766445,ns,ns,0.509
05032,Sarria-Sant Gervasi,0.0016163437393998583,0.3217879418641607,0.7476133498416166,ns,ns,0.567
05061,Sarria-Sant Gervasi,0.002057281173237901,0.3178764191575885,0.7505786803625933,ns,ns,0.611
10063,Sant Marti,0.0008181317342913015,0.3151959434692149,0.7526128853548568,ns,ns,0.452
05065,Sarria-Sant Gervasi,0.0018774344754736913,0.3147885397326318,0.752922213682105,ns,ns,0.608
10105,Sant Marti,0.0003921340973403177,0.3100213363135509,0.7565447311521709,ns,ns,0.477
02009,Eixample,0.0027318485736335632,0.3075925254218972,0.7583924084901379,ns,ns,0.688
10060,Sant Marti,0.0016322795227460545,0.3075794170686266,0.7584023842063781,ns,ns,0.592
10073,Sant Marti,0.0004018093943719366,0.30677910324626173,0.7590115149941834,ns,ns,0.4
01005,Ciutat Vella,0.004676583276988957,0.303448125884552,0.7615483743252776,ns,ns,0.872
10079,Sant Marti,0.0,0.30028790443131836,0.7639575586244634,ns,ns,0.407
07055,Horta-Guinardo,0.0024690504322012097,0.29852213259521576,0.7653046863864787,ns,ns,0.676
10103,Sant Marti,0.002020429674249823,0.292296045584211,0.7700602820328282,ns,ns,0.66
02151,Eixample,0.002572206172611852,0.28192523913143036,0.7780008361587367,ns,ns,0.693
03015,Sants-Montjuic,0.002171819616038683,0.27676975863019987,0.7819569035055884,ns,ns,0.693
01008,Ciutat Vella,0.0022580435866439924,0.27441727095968693,0.7837639719586071,ns,ns,0.689
02148,Eixample,0.004803500408639016,0.2729499434622218,0.7848916942454669,ns,ns,0.914
01018,Ciutat Vella,0.00012492515873178484,0.26789834617660857,0.78877756674513,ns,ns,0.477
04024,Les Corts,0.0009212874747019441,0.26287687901148704,0.7926454776105829,ns,ns,0.608
05007,Sarria-Sant Gervasi,0.002660991251254943,0.2592356305998307,0.7954534412623597,ns,ns,0.748
01010,Ciutat Vella,0.0010864789431388484,0.2524754735911705,0.8006735694154863,ns,ns,0.594
10131,Sant Marti,0.00028342928951448224,0.23713056265365184,0.8125555028709095,ns,ns,0.59
02051,Eixample,0.001144388441548685,0.2349729519197302,0.8142297267730596,ns,ns,0.622
10132,Sant Marti,0.002435186892590544,0.23285464589721394,0.8158742777115857,ns,ns,0.765
10049,Sant Marti,0.000522466039707419,0.22686495300596124,0.8205287549733913,ns,ns,0.511
02167,Eixample,0.001481031864737071,0.22397203615211453,0.8227790624263451,ns,ns,0.67
02113,Eixample,0.0012831151269285146,0.22240878216673468,0.8239956758396902,ns,ns,0.657
02097,Eixample,0.0012114041018706334,0.21781326567685064,0.8275746081933164,ns,ns,0.671
02024,Eixample,0.004329126286529937,0.21346731282410455,0.8309624821158703,ns,ns,0.923
02118,Eixample,0.0010783687676858738,0.21192799905738585,0.8321632066076434,ns,ns,0.697
10083,Sant Marti,0.0023121114229971563,0.20737095215858234,0.835720166341408,ns,ns,0.785
08020,Nou Barris,0.0011268875366238448,0.2001913409638177,0.8413309390140735,ns,ns,0.631
01054,Ciutat Vella,0.00027147745200483536,0.19460339576649036,0.8457034444478495,ns,ns,0.528
04044,Les Corts,0.0,0.19373902951592356,0.8463802296662248,ns,ns,0.515
04045,Les Corts,0.0,0.19373902951592356,0.8463802296662248,ns,ns,0.495
04046,Les Corts,0.0004590074738823893,0.19373902951592356,0.8463802296662248,ns,ns,0.544
10068,Sant Marti,0.00024273612846973226,0.1905032650051795,0.8489147849328558,ns,ns,0.58
02141,Eixample,0.00020232753498473582,0.18402535335423761,0.8539935654738382,ns,ns,0.602
01053,Ciutat Vella,0.0,0.17785640410318154,0.8588357493670036,ns,ns,0.613
05009,Sarria-Sant Gervasi,0.0001219371993543731,0.1633157723304755,0.8702698161005773,ns,ns,0.565
05059,Sarria-Sant Gervasi,0.0023724397456648975,0.16246442697324892,0.870940139242238,ns,ns,0.837
04023,Les Corts,0.002169685359340532,0.1615371232061234,0.871670375182066,ns,ns,0.831
03111,Sants-Montjuic,0.0010617215654402945,0.16000141793158973,0.8728799572604768,ns,ns,0.711
06058,Gracia,0.0007014590347923681,0.15932904150798913,0.8734096411925467,ns,ns,0.718
02153,Eixample,9.248445691988626e-05,0.15894351596963108,0.8737133756735143,ns,ns,0.663
10128,Sant Marti,0.0009299667852744255,0.15824610395416866,0.8742628757064372,ns,ns,0.765
05031,Sarria-Sant Gervasi,0.007153174749523634,0.15742789474788144,0.8749076307184358,ns,ns,0.777
03019,Sants-Montjuic,0.0009860265945458642,0.15041543058227425,0.8804368679244998,ns,ns,0.754
06069,Gracia,0.0009988321347347716,0.14901616279251725,0.8815408792983503,ns,ns,0.716
04021,Les Corts,0.0009140310019282298,0.14366706651220776,0.8857633784706065,ns,ns,0.734
05008,Sarria-Sant Gervasi,0.0034284699599101227,0.14230945578620777,0.886835577906542,ns,ns,0.951
05066,Sarria-Sant Gervasi,0.00044748248771237273,0.1410818930489449,0.8878052478236103,ns,ns,0.728
09016,Sant Andreu,0.0,0.1368167654734657,0.8911756313321759,ns,ns,0.541
10102,Sant Marti,0.0008135786533352456,0.1366794161294746,0.8912842003698718,ns,ns,0.741
09041,Sant Andreu,0.002013884620375493,0.1298848421475574,0.896657536907701,ns,ns,0.871
03212,Sants-Montjuic,0.0,0.1286802514450815,0.8976106625385623,ns,ns,0.595
02156,Eixample,0.0003181465318044087,0.1267343294942365,0.8991506738963935,ns,ns,0.649
10130,Sant Marti,0.0017323050199994083,0.10525908475332296,0.9161702282019648,ns,ns,0.875
08028,Nou Barris,0.0,0.10456321563700918,0.9167224043168298,ns,ns,0.639
04041,Les Corts,0.000527588255782982,0.10022739806554361,0.9201637950173014,ns,ns,0.728
05024,Sarria-Sant Gervasi,0.004716991870473953,0.09966232478400947,0.9206124120415464,ns,ns,0.906
03109,Sants-Montjuic,0.0012849648160669122,0.08381854832456337,0.9332007004838248,ns,ns,0.848
03028,Sants-Montjuic,0.006374882473597822,0.08299813061596163,0.9338530260391225,ns,ns,0.73
07099,Horta-Guinardo,0.0,0.08224976350952674,0.934448101907591,ns,ns,0.539
10077,Sant Marti,0.00030875580233254336,0.08014189576592051,0.936124401885635,ns,ns,0.745
04029,Les Corts,0.0002447281013880067,0.07818513389997629,0.9376807872453357,ns,ns,0.74
03016,Sants-Montjuic,0.0004020939619316902,0.07266290048518032,0.9420743715987387,ns,ns,0.79
06067,Gracia,0.0032326874787997166,0.06929919016300952,0.9447514703460733,ns,ns,0.955
09040,Sant Andreu,0.002392217191067766,0.06701099377076782,0.946572951111254,ns,ns,0.969
03108,Sants-Montjuic,0.0029223665548885292,0.06354687508598868,0.9493310337226801,ns,ns,0.959
06064,Gracia,0.006985849024388578,0.060634503688420355,0.9516502940978104,ns,ns,0.599
07098,Horta-Guinardo,0.00564340156125146,0.05579615818203148,0.9555041955047237,ns,ns,0.702
05021,Sarria-Sant Gervasi,0.0,0.053591726869055036,0.9572604480431992,ns,ns,0.776
02140,Eixample,0.0017951944507049306,0.0512539113765847,0.9591231931943494,ns,ns,0.943
09043,Sant Andreu,0.0005421012013304103,0.049815306162148104,0.9602695692733285,ns,ns,0.797
07111,Horta-Guinardo,0.0011973180076628354,0.04957955887601381,0.9604574362492448,ns,ns,0.888
09025,Sant Andreu,0.0006772707922133209,0.04667873307021597,0.9627692804175372,ns,ns,0.846
06065,Gracia,0.0005070993914807302,0.043866812741698916,0.9650105694190507,ns,ns,0.811
01028,Ciutat Vella,0.0027041032365575975,0.03862125114892859,0.9691923589646061,ns,ns,0.975
05022,Sarria-Sant Gervasi,0.0021035234016978438,0.03581629715664419,0.971428838152556,ns,ns,0.988
08037,Nou Barris,0.0008764680840407683,0.027913023620311842,0.9777315211444548,ns,ns,0.885
10142,Sant Marti,0.004039578794480755,0.027044250975082937,0.9784244397508248,ns,ns,0.787
03040,Sants-Montjuic,0.0,0.02458702285186933,0.9803843704358934,ns,ns,0.799
01033,Ciutat Vella,0.0,0.023483226499320466,0.9812648181107637,ns,ns,0.762
08021,Nou Barris,0.00010230203773138189,0.020361924721456762,0.9837546572190639,ns,ns,0.762
01040,Ciutat Vella,0.00018155410312273057,0.017639623678586288,0.9859263464633168,ns,ns,0.802
07097,Horta-Guinardo,0.00022011300746932933,0.0175141204727812,0.9860264680661937,ns,ns,0.864
03021,Sants-Montjuic,0.0,0.017299116027119806,0.9861979908067238,ns,ns,0.77
10134,Sant Marti,0.0,0.015476080736760068,0.9876523670153936,ns,ns,0.774
01041,Ciutat Vella,0.0,0.014368956583845375,0.9885356258905831,ns,ns,0.798
07109,Horta-Guinardo,0.0,0.007035919393462134,0.9943861948627275,ns,ns,0.814
10110,Sant Marti,0.003828287381363784,0.00671500250639487,0.9946422434390898,ns,ns,0.888
08039,Nou Barris,0.0022591818568830067,0.0035295193408693385,0.9971838568578868,ns,ns,0.955
05053,Sarria-Sant Gervasi,0.0020716518350054522,0.0026318041317583904,0.9979001265403045,ns,ns,0.979
02050,Eixample,0.0008067490319011618,-0.0028316402786497438,0.997740680959192,ns,ns,0.906
05025,Sarria-Sant Gervasi,0.0012225022367010196,-0.008414020153117973,0.9932866624382477,ns,ns,0.96
08106,Nou Barris,0.0010564570655848546,-0.01501150708226667,0.9880230000932284,ns,ns,0.954
02139,Eixample,0.0011223344556677889,-0.019168925609092065,0.9847063468180328,ns,ns,0.975
09048,Sant Andreu,0.0,-0.03166237567906966,0.9747412996910705,ns,ns,0.87
05004,Sarria-Sant Gervasi,0.00012592114519092209,-0.03352537115211817,0.9732556339470075,ns,ns,0.878
02011,Eixample,0.0003013570457789525,-0.03518699701417679,0.9719306306910427,ns,ns,0.896
10112,Sant Marti,0.000520758634348898,-0.043405238193665124,0.9653785021636534,ns,ns,0.892
05057,Sarria-Sant Gervasi,0.00553967668572131,-0.043467029806614516,0.9653292460772986,ns,ns,0.588
05012,Sarria-Sant Gervasi,8.835822730346056e-05,-0.04477568804706402,0.9642861037801287,ns,ns,0.935
09018,Sant Andreu,0.0004930132972729321,-0.04554960611297799,0.9636692359420609,ns,ns,0.937
02023,Eixample,7.284929529689502e-05,-0.04681075434721399,0.962664057701377,ns,ns,0.911
08061,Nou Barris,0.00038032454361054766,-0.04804003719195886,0.9616843343613413,ns,ns,0.912
09062,Sant Andreu,0.0,-0.0495387620704671,0.9604899474404556,ns,ns,0.934
01019,Ciutat Vella,0.0033095207199331607,-0.05153266930675106,0.9589010700837581,ns,ns,0.818
02026,Eixample,0.0007632101952588768,-0.05269133869170959,0.9579778401631915,ns,ns,0.976
02157,Eixample,0.00029993420798018496,-0.05359762839804175,0.9572557460621476,ns,ns,0.935
04084,Les Corts,0.0,-0.05902114082592224,0.952935269518407,ns,ns,0.892
10108,Sant Marti,0.0005965958890232048,-0.06004836390786735,0.9521171153296937,ns,ns,0.953
07056,Horta-Guinardo,0.0011450998604480686,-0.06098916552497165,0.951367837651905,ns,ns,0.969
07116,Horta-Guinardo,0.0,-0.06122744886807744,0.9511780697009076,ns,ns,0.851
04027,Les Corts,0.003406131406469473,-0.06372639684731098,0.9491880858168673,ns,ns,0.75
08040,Nou Barris,0.0010824949973022996,-0.07221219905173891,0.9424330370809981,ns,ns,0.97
09049,Sant Andreu,0.00045929204144214294,-0.07263435163325495,0.9420970902552213,ns,ns,0.991
05002,Sarria-Sant Gervasi,0.00025525710109888604,-0.07271878002950417,0.9420299038113604,ns,ns,0.964
02046,Eixample,0.0008686424761475472,-0.0735091073831376,0.9414009970400472,ns,ns,0.98
05036,Sarria-Sant Gervasi,0.00015096309044922973,-0.07712665529816612,0.9385227882915392,ns,ns,0.943
08019,Nou Barris,0.001981017067223964,-0.08394721133417193,0.9330984027893736,ns,ns,0.868
10127,Sant Marti,0.00020830345373955923,-0.08710756337113404,0.9305860135395481,ns,ns,0.99
02039,Eixample,0.002460797972968358,-0.0940094278853076,0.9251016675370825,ns,ns,0.788
05034,Sarria-Sant Gervasi,0.0014464569062270212,-0.09603876339570755,0.9234897860976725,ns,ns,0.891
08055,Nou Barris,0.00014811741485169476,-0.09684007368032757,0.9228533992791095,ns,ns,0.961
05056,Sarria-Sant Gervasi,0.0001254942938512918,-0.10440077559790782,0.916851307208882,ns,ns,0.972
03107,Sants-Montjuic,0.006886534946034608,-0.10963805658677213,0.9126964277854268,ns,ns,0.467
10078,Sant Marti,0.0,-0.11132916269602668,0.9113553306550095,ns,ns,0.995
01027,Ciutat Vella,0.0,-0.11422968809076225,0.9090557182410712,ns,ns,0.968
07093,Horta-Guinardo,0.0017138081286154308,-0.1145716382225592,0.9087846610597918,ns,ns,0.833
08022,Nou Barris,0.001113228293755677,-0.11657446424145997,0.9071972743108097,ns,ns,0.904
04025,Les Corts,0.0,-0.11782102150161275,0.9062094728107566,ns,ns,0.978
10114,Sant Marti,0.00012079892911535913,-0.11927756848867606,0.9050554543678473,ns,ns,0.993
05095,Sarria-Sant Gervasi,0.0005759647409410763,-0.11965378949365651,0.9047574079117702,ns,ns,0.956
06070,Gracia,0.0008288030177820576,-0.12265420777760858,0.9023809268715899,ns,ns,0.922
01034,Ciutat Vella,6.829621434083909e-05,-0.12742756040865594,0.8986020039896598,ns,ns,0.999
05023,Sarria-Sant Gervasi,0.001652768387048306,-0.13113689202275072,0.895667017532261,ns,ns,0.836
05026,Sarria-Sant Gervasi,0.0019151396771410294,-0.1317523780905253,0.8951801548603047,ns,ns,0.789
10133,Sant Marti,0.0033117972604111887,-0.13308335514203212,0.894127458718881,ns,ns,0.662
03211,Sants-Montjuic,0.0005605980927143875,-0.13554475559445683,0.8921811808870435,ns,ns,0.927
05058,Sarria-Sant Gervasi,0.00011610356437942644,-0.14304930481189151,0.8862512419600554,ns,ns,0.97
05046,Sarria-Sant Gervasi,0.00010244432151125863,-0.14445317145783487,0.8851426322938325,ns,ns,0.952
05010,Sarria-Sant Gervasi,0.00043083528546679323,-0.14530639670787504,0.8844689644861892,ns,ns,0.942
07090,Horta-Guinardo,0.0,-0.15038289973166066,0.8804625318821524,ns,ns,0.96
05035,Sarria-Sant Gervasi,0.0003844507732269734,-0.15136363046861714,0.8796888775450924,ns,ns,0.93
01013,Ciutat Vella,0.0,-0.15192201088575785,0.8792484476239493,ns,ns,0.969
03012,Sants-Montjuic,0.0017863728563525722,-0.15252738884152092,0.8787709899877141,ns,ns,0.784
09045,Sant Andreu,0.00018895285967632147,-0.15576907392029155,0.87621504845448,ns,ns,0.963
09019,Sant Andreu,0.0002647901143506282,-0.1557817927869861,0.8762050226510547,ns,ns,0.924
02040,Eixample,0.003649578953838589,-0.15723561617596868,0.875059159748032,ns,ns,0.628
03064,Sants-Montjuic,0.0,-0.15831528446605084,0.874208364763964,ns,ns,0.951
09053,Sant Andreu,0.0014618235544537098,-0.1618928988159326,0.8713901949751091,ns,ns,0.807
09002,Sant Andreu,0.0015497549304175403,-0.16279378758412913,0.8706807998076567,ns,ns,0.804
09003,Sant Andreu,0.0,-0.16279378758412913,0.8706807998076567,ns,ns,0.967
03113,Sants-Montjuic,0.0009538704602937193,-0.1697632373749437,0.8651963395277102,ns,ns,0.839
08054,Nou Barris,0.00013331990174451295,-0.17252492361116417,0.8630248689164555,ns,ns,0.943
06009,Gracia,0.0005395400932926289,-0.17393092714542124,0.8619197467160309,ns,ns,0.859
05045,Sarria-Sant Gervasi,0.0002441589662684997,-0.17395923323964604,0.8618975008248184,ns,ns,0.923
08030,Nou Barris,0.0004183143128376394,-0.17511557588586438,0.8609888195929893,ns,ns,0.897
09001,Sant Andreu,0.004139319724174356,-0.17582315379292107,0.8604328789020579,ns,ns,0.517
10111,Sant Marti,0.0012015865210591376,-0.17597841644841106,0.8603108989946717,ns,ns,0.806
09035,Sant Andreu,0.0008515684225623374,-0.17605890058628293,0.8602476690825052,ns,ns,0.846
02112,Eixample,0.0006479603335587109,-0.17665646517073721,0.8597782387101838,ns,ns,0.886
03036,Sants-Montjuic,0.0033166349089269985,-0.17791060284219976,0.8587931838264107,ns,ns,0.636
08034,Nou Barris,0.0,-0.17871760527063024,0.8581594447370853,ns,ns,0.959
06045,Gracia,0.0013716156380118518,-0.17989487969294188,0.8572350950388876,ns,ns,0.806
07103,Horta-Guinardo,0.006494543132474167,-0.18173202109955003,0.8557930351935885,ns,ns,0.433
08056,Nou Barris,0.0028377077058618643,-0.18240637955121863,0.8552638196365288,ns,ns,0.625
08027,Nou Barris,0.0,-0.18291161703059072,0.8548673676037462,ns,ns,0.911
05039,Sarria-Sant Gervasi,0.0,-0.18305287395025213,0.8547565320335939,ns,ns,0.923
08060,Nou Barris,6.886534946034608e-05,-0.18314326233364817,0.854685611361877,ns,ns,0.933
10117,Sant Marti,0.00045160871732879846,-0.18551079354973385,0.8528284151706085,ns,ns,0.907
04048,Les Corts,0.0,-0.18656781555514024,0.8519995030894789,ns,ns,0.923
09017,Sant Andreu,0.0,-0.19042677656086326,0.8489747168893214,ns,ns,0.9
02025,Eixample,0.00031373573462822955,-0.1924829529377179,0.8473639198284493,ns,ns,0.889
07053,Horta-Guinardo,0.0006892226297229677,-0.19462924878458812,0.8456832036909632,ns,ns,0.846
08036,Nou Barris,0.00037989769227091743,-0.19637015545826517,0.8443204539682663,ns,ns,0.895
09054,Sant Andreu,0.0006010066861993841,-0.19710832352259036,0.8437427699780309,ns,ns,0.854
08116,Nou Barris,0.0001943596433116379,-0.19739278595189355,0.8435201745411152,ns,ns,0.901
09046,Sant Andreu,0.0,-0.19813124201732196,0.8429423817410531,ns,ns,0.906
10123,Sant Marti,8.423199768703488e-05,-0.19910968579489116,0.842176944756706,ns,ns,0.902
04020,Les Corts,0.0006291788746149801,-0.1996328336998418,0.84176774705728,ns,ns,0.849
10071,Sant Marti,0.0010950159699314533,-0.19972228268156428,0.8416977858078258,ns,ns,0.804
03044,Sants-Montjuic,0.0008963878132235131,-0.20027237837056205,0.8412675637830018,ns,ns,0.83
03105,Sants-Montjuic,6.0755174007371436e-05,-0.20096385036418957,0.8407268406041422,ns,ns,0.892
03009,Sants-Montjuic,0.00042855874498876534,-0.20112717434357982,0.8405991340828489,ns,ns,0.851
04028,Les Corts,0.0031706517507734547,-0.20306793562233014,0.8390819332287309,ns,ns,0.557
08046,Nou Barris,0.0012506744251166158,-0.2045566569823139,0.8379185219621184,ns,ns,0.778
10129,Sant Marti,0.00026109073607383275,-0.20709370642407676,0.835936677105795,ns,ns,0.836
09024,Sant Andreu,6.559282252318086e-05,-0.20896046058182222,0.8344791050836098,ns,ns,0.876
02041,Eixample,0.0016356943334630964,-0.21028441377096088,0.8334456993391004,ns,ns,0.77
08002,Nou Barris,0.0002539765470799954,-0.21190264975672868,0.8321829833325631,ns,ns,0.839
05049,Sarria-Sant Gervasi,0.0005628746331924155,-0.21437136255202396,0.8302574719368883,ns,ns,0.821
04022,Les Corts,0.00318004248024532,-0.21953390941658743,0.8262341681520717,ns,ns,0.623
05055,Sarria-Sant Gervasi,0.002867018164516474,-0.2201017522954669,0.825791910138026,ns,ns,0.594
01017,Ciutat Vella,0.0,-0.22203331117932332,0.8242879518946356,ns,ns,0.913
10040,Sant Marti,0.0010022469454518137,-0.2258992336032591,0.8212797939146994,ns,ns,0.798
10008,Sant Marti,0.00044179113651730286,-0.23374437178498295,0.8151834380837448,ns,ns,0.798
02116,Eixample,3.471724228992653e-05,-0.23405157969373822,0.8149449357112852,ns,ns,0.835
04039,Les Corts,0.00027773793831941226,-0.23972687683599708,0.8105419976941537,ns,ns,0.824
06059,Gracia,0.000642838117483148,-0.2411378051288096,0.8094483128724059,ns,ns,0.791
03035,Sants-Montjuic,0.0004302661503472863,-0.24360297490654995,0.8075383240564631,ns,ns,0.803
09090,Sant Andreu,0.0009971247293762506,-0.24616359350028744,0.8055555967060846,ns,ns,0.724
07108,Horta-Guinardo,7.228016017738803e-05,-0.246276879713579,0.8054679061752061,ns,ns,0.807
02135,Eixample,0.0018809915699706098,-0.24712201048068833,0.8048138000032903,ns,ns,0.664
10036,Sant Marti,0.001497963634542404,-0.24800706915294035,0.8041289372519569,ns,ns,0.683
04017,Les Corts,0.001567398119122257,-0.2509801654055824,0.8018294441952087,ns,ns,0.723
07096,Horta-Guinardo,0.0005349870123365728,-0.2542172133906477,0.7993277529820302,ns,ns,0.777
10115,Sant Marti,0.0022351358980838357,-0.2594417239871349,0.7952944403765354,ns,ns,0.664
09156,Sant Andreu,0.0,-0.25966620069783286,0.7951212664441445,ns,ns,0.881
02029,Eixample,0.0005368367014749706,-0.260623927425042,0.7943825357993859,ns,ns,0.774
10034,Sant Marti,0.0008595363142354352,-0.26436352514711153,0.791499814708404,ns,ns,0.728
07092,Horta-Guinardo,0.0013616557734204794,-0.26529918361159,0.7907789933684273,ns,ns,0.684
09093,Sant Andreu,0.0007626410601393698,-0.26785689663191503,0.7888094731361224,ns,ns,0.726
06008,Gracia,0.0,-0.26863322048442284,0.7882119454094754,ns,ns,0.813
09052,Sant Andreu,0.0,-0.27402734685467894,0.7840636059861548,ns,ns,0.816
04036,Les Corts,0.0,-0.2774614846087336,0.7814257760682191,ns,ns,0.798
03010,Sants-Montjuic,0.00188668292116568,-0.27870763295494033,0.7804692042916122,ns,ns,0.605
08095,Nou Barris,0.00011610356437942644,-0.27908671680630587,0.7801782767468564,ns,ns,0.809
08107,Nou Barris,0.001977175405167292,-0.2791321728733217,0.7801433935968218,ns,ns,0.618
02137,Eixample,0.001379868097244703,-0.2831413979841287,0.7770684484338182,ns,ns,0.675
08059,Nou Barris,8.394743012728138e-05,-0.2856059823106202,0.7751799210186694,ns,ns,0.75
02114,Eixample,0.0007401602229188436,-0.28612331598037516,0.7747836741587468,ns,ns,0.743
02138,Eixample,0.0015699592271600385,-0.28681274657861483,0.7742557024503598,ns,ns,0.647
03041,Sants-Montjuic,0.0002744654113822471,-0.28961214296660714,0.7721129762160694,ns,ns,0.783
03213,Sants-Montjuic,0.0,-0.29261777862849386,0.7698143229314973,ns,ns,0.772
08050,Nou Barris,0.0012170954530657033,-0.29686432332157087,0.7665700948044276,ns,ns,0.639
06043,Gracia,0.0,-0.30194160542636334,0.7626965784947397,ns,ns,0.758
07011,Horta-Guinardo,0.0001132578887818915,-0.30233550432844264,0.7623963154005478,ns,ns,0.763
07123,Horta-Guinardo,0.0006240566585394172,-0.3028787913726839,0.7619822346932152,ns,ns,0.7
09095,Sant Andreu,0.0012984817751552035,-0.30689673860666516,0.7589219715814686,ns,ns,0.639
08104,Nou Barris,0.000531003066500024,-0.306916400196153,0.758907005599057,ns,ns,0.693
07104,Horta-Guinardo,0.0007572342765040535,-0.30800756721079064,0.7580765742820703,ns,ns,0.675
08103,Nou Barris,0.0026945702233058554,-0.30803846345077923,0.75805306479484,ns,ns,0.488
09027,Sant Andreu,0.0,-0.3085225045439339,0.7576847787188994,ns,ns,0.753
10001,Sant Marti,0.0006381427527472152,-0.3112619711562558,0.7556014749176827,ns,ns,0.707
08048,Nou Barris,0.00011268875366238448,-0.3143206989151267,0.7532774788418037,ns,ns,0.751
08063,Nou Barris,0.0004524624200080589,-0.31537269206801094,0.7524786982779266,ns,ns,0.725
08025,Nou Barris,0.0,-0.31560008872207973,0.7523060703312316,ns,ns,0.743
10113,Sant Marti,0.0008897004755693058,-0.31758800556881717,0.7507974736272449,ns,ns,0.67
10141,Sant Marti,0.001355679854665656,-0.32012979427055116,0.7488699406156052,ns,ns,0.616
03043,Sants-Montjuic,0.0007435750336358856,-0.3202527769929368,0.7487767179118836,ns,ns,0.668
09088,Sant Andreu,0.0023028629773051684,-0.3209683123164792,0.74823440452748,ns,ns,0.549
03110,Sants-Montjuic,0.0010674129166353642,-0.32157759311361916,0.7477727209686051,ns,ns,0.649
10116,Sant Marti,0.00016775257647468598,-0.32167905160025284,0.7476958494088299,ns,ns,0.705
05062,Sarria-Sant Gervasi,0.001272016992098128,-0.3244164542616256,0.7456227641115298,ns,ns,0.65
02132,Eixample,0.00023903675019293683,-0.3270602485370904,0.743622316900401,ns,ns,0.722
02115,Eixample,0.00010671283490756107,-0.3285728035605845,0.7424786073006875,ns,ns,0.711
06063,Gracia,0.0,-0.33093257728232767,0.7406954139825461,ns,ns,0.753
05020,Sarria-Sant Gervasi,0.0,-0.33145532539041717,0.740300580686825,ns,ns,0.728
07054,Horta-Guinardo,0.004901249365414341,-0.33869780309102526,0.7348373958293815,ns,ns,0.308
10029,Sant Marti,0.0006693029005402231,-0.3388111184794192,0.7347520248406023,ns,ns,0.64
02037,Eixample,6.175116046650868e-05,-0.3413509499590149,0.7328393961245669,ns,ns,0.727
04013,Les Corts,0.00013090107748660825,-0.3418028206592905,0.7324992867236957,ns,ns,0.676
04014,Les Corts,0.0,-0.3421170161581988,0.732262832235385,ns,ns,0.706
04012,Les Corts,0.0003073329645337759,-0.3427312289567707,0.7318006667875339,ns,ns,0.682
02035,Eixample,0.0001724479412106187,-0.3440305516680396,0.7308233099887254,ns,ns,0.709
07091,Horta-Guinardo,0.0007388796688999529,-0.34580954035452904,0.729485854845711,ns,ns,0.645
05011,Sarria-Sant Gervasi,0.0006163733344260728,-0.3468551022647171,0.728700178210764,ns,ns,0.635
10011,Sant Marti,0.00014086094207798062,-0.34877822772510836,0.7272558099991397,ns,ns,0.692
04026,Les Corts,0.0,-0.34879361804744535,0.7272442549588609,ns,ns,0.696
06010,Gracia,0.0006914991702009957,-0.3500779473285933,0.7262802004815265,ns,ns,0.604
03106,Sants-Montjuic,0.0005697042546264993,-0.35334374788356493,0.7238307519173139,ns,ns,0.647
08082,Nou Barris,0.001524428417599479,-0.353959532274509,0.7233692109685008,ns,ns,0.52
01051,Ciutat Vella,0.0,-0.3550117978686588,0.7225807527700367,ns,ns,0.686
01050,Ciutat Vella,0.0,-0.3550117978686588,0.7225807527700367,ns,ns,0.718
05033,Sarria-Sant Gervasi,0.007202689504920742,-0.3585851803244889,0.7199054348658331,ns,ns,0.225
08017,Nou Barris,0.0004960012566503439,-0.3607641640003313,0.7182757541682592,ns,ns,0.617
05014,Sarria-Sant Gervasi,0.00011610356437942644,-0.3631769174063825,0.7164727293882318,ns,ns,0.672
02131,Eixample,6.00437551079877e-05,-0.3636216645780048,0.7161405466994788,ns,ns,0.691
08003,Nou Barris,7.541040333467649e-05,-0.3640224503101123,0.7158412449238609,ns,ns,0.67
08042,Nou Barris,0.00041048870494441825,-0.36796387544228154,0.7129001705269469,ns,ns,0.639
10030,Sant Marti,0.0004345346637435887,-0.3727443972859733,0.7093386896129461,ns,ns,0.639
08001,Nou Barris,0.0002164136291925339,-0.37557800482484593,0.7072306451856598,ns,ns,0.669
05040,Sarria-Sant Gervasi,0.0006155196317468123,-0.37588995712347706,0.7069987069944985,ns,ns,0.598
02038,Eixample,0.0017893608157299838,-0.3763478684752577,0.706658296736326,ns,ns,0.554
07058,Horta-Guinardo,0.0001787084275251956,-0.37693072368880426,0.7062250883544094,ns,ns,0.668
08026,Nou Barris,0.0011096711992587584,-0.37966457553143745,0.7041944192013361,ns,ns,0.547
05054,Sarria-Sant Gervasi,0.00035713228749063776,-0.38040775625073014,0.7036427579800513,ns,ns,0.627
06072,Gracia,0.00039782544853538774,-0.384762981404991,0.7004130281182261,ns,ns,0.603
05060,Sarria-Sant Gervasi,0.0,-0.38504548153272455,0.700203719037735,ns,ns,0.656
03018,Sants-Montjuic,0.0,-0.3850941782228974,0.7001676411436879,ns,ns,0.693
06057,Gracia,0.0005513496470223989,-0.38661367336033475,0.6990422337782622,ns,ns,0.585
08053,Nou Barris,0.0,-0.38910567751196656,0.6971979737459979,ns,ns,0.65
08052,Nou Barris,4.837648515809435e-05,-0.3929638592257906,0.6943461746957658,ns,ns,0.631
08015,Nou Barris,0.0025329358493658694,-0.3932863009252169,0.6941080350324242,ns,ns,0.334
09087,Sant Andreu,0.0,-0.39483179734660456,0.6929670265976806,ns,ns,0.645
09092,Sant Andreu,0.0009698062436399151,-0.3977714431243202,0.6907986691441794,ns,ns,0.516
10039,Sant Marti,0.0006442609552819154,-0.39981059496356736,0.6892960265019021,ns,ns,0.575
05052,Sarria-Sant Gervasi,0.0003796131247111639,-0.40090226210983093,0.6884920843876006,ns,ns,0.579
10012,Sant Marti,0.0010069423101877462,-0.405263471278388,0.6852838542180271,ns,ns,0.537
07095,Horta-Guinardo,0.0,-0.40708717387946103,0.6839439633538471,ns,ns,0.64
09059,Sant Andreu,0.0,-0.4075920490827245,0.6835732025446872,ns,ns,0.608
02130,Eixample,0.00022267411550711078,-0.4104183856287942,0.6814990615227372,ns,ns,0.609
03003,Sants-Montjuic,0.0013475696792126812,-0.41100533258610145,0.6810686245220796,ns,ns,0.479
05094,Sarria-Sant Gervasi,0.0005890548486897371,-0.41109232122735223,0.6810048403146132,ns,ns,0.569
08041,Nou Barris,0.0022606046946817737,-0.41154317232031506,0.6806742914132591,ns,ns,0.36
09004,Sant Andreu,0.0003073329645337759,-0.4129100030158339,0.6796725520003306,ns,ns,0.569
05019,Sarria-Sant Gervasi,0.0009053516913557482,-0.4132727643377689,0.6794067819400651,ns,ns,0.533
06060,Gracia,0.0,-0.41726295365977106,0.6764860826225756,ns,ns,0.626
04011,Les Corts,0.0019401816223993372,-0.42505056953459636,0.6707998107680702,ns,ns,0.425
02047,Eixample,0.000976635865073999,-0.4262098233101361,0.6699549601320733,ns,ns,0.507
08013,Nou Barris,0.0,-0.4265089146454077,0.6697370535421379,ns,ns,0.584
07121,Horta-Guinardo,0.0,-0.4274524310066965,0.6690498255693753,ns,ns,0.608
03048,Sants-Montjuic,0.00034631872022000486,-0.42810125204645694,0.6685774052715012,ns,ns,0.575
09091,Sant Andreu,0.0012475441819593273,-0.4292238154327092,0.6677603531349723,ns,ns,0.456
07112,Horta-Guinardo,0.00024928118234406266,-0.435286272577993,0.6633546477560954,ns,ns,0.596
07106,Horta-Guinardo,0.0008144323560145061,-0.43541922248756787,0.6632581601006893,ns,ns,0.504
02126,Eixample,0.0016231733608339423,-0.4371272533678917,0.6620190635140999,ns,ns,0.435
09050,Sant Andreu,0.001859933570548851,-0.44323802628920383,0.6575935767263394,ns,ns,0.324
08011,Nou Barris,0.00025611080377814657,-0.4437984609422272,0.6571883012317472,ns,ns,0.556
04003,Les Corts,0.00026806264128779344,-0.4443732717737833,0.6567727343758558,ns,ns,0.538
10028,Sant Marti,0.0022431037897569337,-0.4446195304515966,0.6565947309779783,ns,ns,0.392
02036,Eixample,0.0009582812574698983,-0.44631049614459006,0.6553729754344411,ns,ns,0.476
08064,Nou Barris,0.000899802623940555,-0.44646850812141103,0.6552588557586341,ns,ns,0.523
08078,Nou Barris,0.0008221156801278505,-0.4476344052974702,0.6544170685361763,ns,ns,0.478
02049,Eixample,0.002325486098305571,-0.4479942054062507,0.6541573785806101,ns,ns,0.432
08033,Nou Barris,0.001082779564862053,-0.4522834233504861,0.6510648162547499,ns,ns,0.503
09006,Sant Andreu,0.0,-0.45430412209596227,0.6496099495927523,ns,ns,0.55
10009,Sant Marti,0.000791382383674473,-0.4554953115558955,0.6487529397896961,ns,ns,0.467
10015,Sant Marti,0.0012808385864504863,-0.4555070870648539,0.6487444701341638,ns,ns,0.45
01014,Ciutat Vella,0.0,-0.456440399295593,0.6480733203155384,ns,ns,0.561
05064,Sarria-Sant Gervasi,0.0011359936985359568,-0.4582836241965917,0.6467486875915176,ns,ns,0.466
08092,Nou Barris,6.516597118355063e-05,-0.45962003256686085,0.6457889775756886,ns,ns,0.534
09039,Sant Andreu,0.0,-0.45981924929303747,0.645645965241401,ns,ns,0.582
09075,Sant Andreu,0.00047978090574439454,-0.4605109714803735,0.645149498210206,ns,ns,0.513
09083,Sant Andreu,0.00014185692853711785,-0.46145381849402123,0.6444730470367714,ns,ns,0.516
07004,Horta-Guinardo,0.0005904776864885047,-0.462020112905303,0.6440668971672106,ns,ns,0.508
02027,Eixample,0.0009362272715890026,-0.46293832545902525,0.6434085752750804,ns,ns,0.467
09064,Sant Andreu,0.0003636773413649682,-0.46318908192683733,0.6432288414748164,ns,ns,0.514
02127,Eixample,0.00039782544853538774,-0.4637917667140505,0.6427969426893618,ns,ns,0.537
07100,Horta-Guinardo,0.00027261572224384934,-0.4652416069083854,0.6417584461395363,ns,ns,0.491
08038,Nou Barris,0.0032918775312284444,-0.46536720457373554,0.6416685155434965,ns,ns,0.287
09076,Sant Andreu,0.0011496529414041245,-0.4669069294721316,0.6405664673412452,ns,ns,0.408
07041,Horta-Guinardo,0.0014242606365662486,-0.46844857292939696,0.6394638394111891,ns,ns,0.342
09031,Sant Andreu,0.0025158617957806596,-0.46852942170198736,0.6394060359832152,ns,ns,0.319
02125,Eixample,0.000530433931380517,-0.4687567020370671,0.6392435519568243,ns,ns,0.492
06066,Gracia,0.0001771433059465514,-0.46941589802767564,0.6387723868625805,ns,ns,0.528
10027,Sant Marti,0.00033806626098715353,-0.4702630770454944,0.6381670736205249,ns,ns,0.504
09077,Sant Andreu,0.00039227638112019454,-0.4705114908041341,0.6379896265652132,ns,ns,0.485
07122,Horta-Guinardo,9.589926763692822e-05,-0.47121712407274624,0.6374856913663236,ns,ns,0.527
03014,Sants-Montjuic,0.0,-0.47475286408714407,0.6349631333880954,ns,ns,0.516
08032,Nou Barris,0.00015082080666935297,-0.4784457332841281,0.6323329897011463,ns,ns,0.5
02136,Eixample,5.7624930850082984e-05,-0.47910064552096343,0.6318670305428102,ns,ns,0.519
07119,Horta-Guinardo,0.0,-0.47956408912079235,0.6315373864467537,ns,ns,0.547
05018,Sarria-Sant Gervasi,0.00031188604548983183,-0.48120169807566837,0.630373154120013,ns,ns,0.504
08081,Nou Barris,0.00028172188415596125,-0.4836589261988819,0.6286279476200136,ns,ns,0.493
02042,Eixample,0.0018286311389759666,-0.4847026903462631,0.6278872578190233,ns,ns,0.404
02155,Eixample,0.0015067852288947622,-0.4853299840710833,0.627442289492752,ns,ns,0.399
10033,Sant Marti,0.00014512945547428304,-0.48558885591856815,0.6272586992444631,ns,ns,0.5
07040,Horta-Guinardo,0.00035385976055347256,-0.48613839168067663,0.6268690485197548,ns,ns,0.478
02030,Eixample,0.00039839458365489465,-0.4865853187468288,0.6265522296783739,ns,ns,0.499
03017,Sants-Montjuic,0.0,-0.4871587337640202,0.6261458466255099,ns,ns,0.513
01025,Ciutat Vella,0.0,-0.4883482669209424,0.6253031786094774,ns,ns,0.524
10126,Sant Marti,0.0001200875102159754,-0.48874027239740486,0.6250255881941738,ns,ns,0.508
02045,Eixample,0.00032511843701836935,-0.4891213260239308,0.6247558040706194,ns,ns,0.489
05013,Sarria-Sant Gervasi,0.0,-0.4929421610358536,0.6220534559012665,ns,ns,0.505
06011,Gracia,0.0009493173793376634,-0.4933766518988307,0.6217464765587903,ns,ns,0.401
06013,Gracia,0.0,-0.49361014416393245,0.6215815352462026,ns,ns,0.475
06012,Gracia,0.0009424877579035794,-0.49368367079557995,0.6215295992203826,ns,ns,0.42
09089,Sant Andreu,0.0010856252404595878,-0.4937848125360502,0.6214581601588267,ns,ns,0.421
06071,Gracia,4.8803336497724596e-05,-0.49852408172712637,0.6181146999249068,ns,ns,0.479
04001,Les Corts,0.000707150385987438,-0.4986184803917024,0.6180481834997145,ns,ns,0.454
09094,Sant Andreu,0.0014592624464159283,-0.49988107652982383,0.6171588176021943,ns,ns,0.36
07028,Horta-Guinardo,0.0,-0.5003051546220173,0.6168602251230924,ns,ns,0.481
08016,Nou Barris,0.00013033194236710126,-0.5006032225884431,0.6166503940101884,ns,ns,0.527
10026,Sant Marti,0.0009651108789039823,-0.500759454947762,0.6165404235125005,ns,ns,0.401
02033,Eixample,0.00013317761796463622,-0.5008207022329453,0.6164973144681531,ns,ns,0.474
10018,Sant Marti,0.0015345305659707283,-0.502971328838209,0.6149844301973952,ns,ns,0.408
10017,Sant Marti,0.0006509482929361225,-0.50310549627807,0.6148901026383418,ns,ns,0.379
02032,Eixample,0.0006971905213960657,-0.5082780145708047,0.6112583861109762,ns,ns,0.452
08083,Nou Barris,0.0003591242604089122,-0.5125552286033329,0.6082624780121912,ns,ns,0.465
07057,Horta-Guinardo,0.003337408340789003,-0.513203644365265,0.6078088769587597,ns,ns,0.233
03112,Sants-Montjuic,0.0011344285769573125,-0.5139619029747607,0.6072786264791481,ns,ns,0.376
04016,Les Corts,0.0005412474986511498,-0.5150129539103631,0.606543967960965,ns,ns,0.418
09073,Sant Andreu,0.0,-0.5175041859593441,0.6048042475985431,ns,ns,0.466
03001,Sants-Montjuic,0.0009501710820169237,-0.5180296912480121,0.6044375536428699,ns,ns,0.394
09021,Sant Andreu,0.0005557604441985782,-0.5198609375552111,0.6031605030397571,ns,ns,0.423
08006,Nou Barris,0.0006772707922133209,-0.5203675205269791,0.6028074432713659,ns,ns,0.416
09066,Sant Andreu,0.0004046550699694716,-0.5221875352318331,0.6015397638561266,ns,ns,0.389
07115,Horta-Guinardo,0.0,-0.5223256314369273,0.6014436259908411,ns,ns,0.495
09065,Sant Andreu,0.0007694706815734537,-0.5229644181389905,0.6009990147327307,ns,ns,0.385
06006,Gracia,0.00266113353503482,-0.5233440611846305,0.6007348441816376,ns,ns,0.201
08079,Nou Barris,0.0003286755315152881,-0.5235305101348272,0.6006051248892608,ns,ns,0.425
09072,Sant Andreu,0.0,-0.524520072591687,0.5999168624294775,ns,ns,0.466
02124,Eixample,5.563295793180851e-05,-0.5262380089968955,0.5987228483626159,ns,ns,0.456
02031,Eixample,0.0002006201296262148,-0.5272437516147609,0.5980243295506498,ns,ns,0.443
10007,Sant Marti,0.0001698868331728372,-0.5284894410984166,0.5971596737696594,ns,ns,0.434
08057,Nou Barris,0.001626303603991231,-0.5299535838829128,0.596144113124679,ns,ns,0.404
10032,Sant Marti,0.0,-0.5305130407292984,0.5957562698405574,ns,ns,0.46
08024,Nou Barris,0.00027574596540113787,-0.5309136399818362,0.5954786252415132,ns,ns,0.404
08089,Nou Barris,0.00019763217024880314,-0.5313790355019465,0.5951561462312189,ns,ns,0.401
02048,Eixample,0.0002804413301370705,-0.5317640385520047,0.5948894325441616,ns,ns,0.421
05001,Sarria-Sant Gervasi,0.0,-0.5338819832135362,0.5934231879235254,ns,ns,0.321
07010,Horta-Guinardo,0.0005657203087899504,-0.5341735731667404,0.5932214510269151,ns,ns,0.417
03114,Sants-Montjuic,0.0011866467241720793,-0.5343972628839211,0.5930667122952797,ns,ns,0.382
05016,Sarria-Sant Gervasi,0.0006675954951817021,-0.5345696950471531,0.5929474439145097,ns,ns,0.384
08047,Nou Barris,0.000732050047465869,-0.5365831077814759,0.5915556150028074,ns,ns,0.401
09061,Sant Andreu,0.00015423561738639495,-0.5371031867262179,0.5911963396931625,ns,ns,0.422
09032,Sant Andreu,0.0,-0.5387408634043123,0.5900656734065337,ns,ns,0.408
07117,Horta-Guinardo,0.00543950890468808,-0.5391689656646126,0.589770272176229,ns,ns,0.145
06056,Gracia,0.0004033745159505809,-0.5406557549798622,0.5887448802806257,ns,ns,0.331
03002,Sants-Montjuic,0.0,-0.5429734723240508,0.587148067310024,ns,ns,0.437
03034,Sants-Montjuic,0.0,-0.5434329460649282,0.5868317469268054,ns,ns,0.419
03049,Sants-Montjuic,0.0,-0.5435288597000567,0.5867657260469354,ns,ns,0.422
08102,Nou Barris,0.0006210686991620054,-0.5435410234917114,0.5867573535080288,ns,ns,0.379
04004,Les Corts,0.00021698276431204085,-0.5446315705367721,0.5860069370057954,ns,ns,0.415
08029,Nou Barris,0.007617019871921832,-0.5461283571352692,0.5849777085270551,ns,ns,0.189
04005,Les Corts,0.0002618021549732165,-0.5471444647225111,0.5842794862854492,ns,ns,0.399
02028,Eixample,0.0018624946785866325,-0.5473199940247375,0.5841589099449744,ns,ns,0.264
08014,Nou Barris,0.0005199049316696376,-0.5505776848238599,0.5819232096170248,ns,ns,0.403
10016,Sant Marti,0.0003777634355727662,-0.558658463491594,0.5763948319832071,ns,ns,0.376
07094,Horta-Guinardo,0.0018817029888699936,-0.5595587191379836,0.5757804688409396,ns,ns,0.293
08018,Nou Barris,0.00010472086198928659,-0.5604504454109324,0.5751722314355621,ns,ns,0.426
03037,Sants-Montjuic,0.0,-0.5615009175705445,0.5744561049722281,ns,ns,0.399
08105,Nou Barris,0.0005506382281230152,-0.5618253924054455,0.5742349897623669,ns,ns,0.374
03056,Sants-Montjuic,0.0003073329645337759,-0.5618899536872565,0.5741909989191658,ns,ns,0.38
04009,Les Corts,0.0005051074185624557,-0.5619334649303849,0.574161352076582,ns,ns,0.372
10002,Sant Marti,0.000672717711257265,-0.5635091731698032,0.5730882154550474,ns,ns,0.33
09081,Sant Andreu,0.0,-0.564765024635423,0.5722335993659029,ns,ns,0.44
09086,Sant Andreu,0.0005378326879341078,-0.5658160924222848,0.5715188058053253,ns,ns,0.36
07036,Horta-Guinardo,0.0009476099739791424,-0.5665987971686626,0.5709867923719956,ns,ns,0.278
08035,Nou Barris,0.0017924910588872725,-0.568764852095884,0.5695157302160481,ns,ns,0.26
04042,Les Corts,0.00028542126243275663,-0.5699102916011635,0.568738544246489,ns,ns,0.335
08086,Nou Barris,0.0016292915633686423,-0.5720571328999811,0.5672832692022236,ns,ns,0.251
04015,Les Corts,0.0010048080534895952,-0.5729016301263359,0.5667113007947711,ns,ns,0.3
07005,Horta-Guinardo,0.0010893246187363833,-0.574031551472547,0.5659464506308918,ns,ns,0.265
03089,Sants-Montjuic,0.0,-0.5767163163245114,0.564131108393916,ns,ns,0.424
05069,Sarria-Sant Gervasi,0.0,-0.5805693348953959,0.5615307445854658,ns,ns,0.39
01047,Ciutat Vella,0.0,-0.5820654831692242,0.5605225737763866,ns,ns,0.394
05063,Sarria-Sant Gervasi,0.0009766358650739988,-0.584099130384061,0.5591536198594005,ns,ns,0.287
08077,Nou Barris,0.0005830789299349138,-0.5851882400299216,0.558421151387444,ns,ns,0.332
10004,Sant Marti,0.0004849031218199575,-0.585215145731936,0.5584030621639913,ns,ns,0.37
08071,Nou Barris,0.0,-0.586357598707022,0.5576352318703155,ns,ns,0.341
07035,Horta-Guinardo,0.0006249103612186776,-0.5870333884125742,0.5571812829075169,ns,ns,0.349
08051,Nou Barris,0.00016590288733628827,-0.5896730820758019,0.5554098450484171,ns,ns,0.4
09042,Sant Andreu,0.0006169424695455798,-0.5898533671334112,0.5552889603038349,ns,ns,0.318
09055,Sant Andreu,0.0006340165231307895,-0.5909156231253854,0.5545769574564829,ns,ns,0.381
08101,Nou Barris,0.0005736882004630483,-0.5914144774743982,0.5542427423725271,ns,ns,0.344
10019,Sant Marti,0.00011838010485745441,-0.5916213021102117,0.5541042059591621,ns,ns,0.33
09005,Sant Andreu,0.0007188176559373313,-0.5936978042961205,0.5527142519014716,ns,ns,0.39
05048,Sarria-Sant Gervasi,0.000149682536430339,-0.5946010893449921,0.5521101517395848,ns,ns,0.345
06047,Gracia,7.327614663652526e-05,-0.594855171142173,0.5519402850207866,ns,ns,0.303
07006,Horta-Guinardo,0.00039640261073662026,-0.5952504565810571,0.5516760674616203,ns,ns,0.344
08062,Nou Barris,0.00021285653469561516,-0.5954249890780212,0.5515594258485377,ns,ns,0.351
09084,Sant Andreu,0.001120057915189761,-0.5955588727846385,0.5514699583970106,ns,ns,0.28
03055,Sants-Montjuic,0.0012037207777572888,-0.5976599911957928,0.5500668263680857,ns,ns,0.252
08007,Nou Barris,0.0005685659843874854,-0.598726138176879,0.5493555239923058,ns,ns,0.252
05015,Sarria-Sant Gervasi,0.00011866467241720791,-0.601550282716681,0.5474735315979966,ns,ns,0.306
08080,Nou Barris,0.0,-0.6017944494917951,0.547310970271552,ns,ns,0.31
10024,Sant Marti,0.00011638813193917993,-0.602077979422232,0.5471222317195943,ns,ns,0.345
10003,Sant Marti,0.00012449830739215458,-0.6022285221534052,0.547022032404826,ns,ns,0.314
08067,Nou Barris,0.0,-0.602442995130982,0.5468792976259755,ns,ns,0.373
08058,Nou Barris,0.0017405574792322596,-0.6024609003777639,0.5468673822667527,ns,ns,0.284
08043,Nou Barris,0.00041433036700109046,-0.6027075124325348,0.5467032830448835,ns,ns,0.238
10038,Sant Marti,0.0007700398166929608,-0.6041657346555788,0.5457334596100258,ns,ns,0.338
09085,Sant Andreu,0.0008776063542797824,-0.605640369839797,0.5447535888905681,ns,ns,0.299
08076,Nou Barris,0.00039099582710130383,-0.6071795173140442,0.5437317838099771,ns,ns,0.354
04010,Les Corts,0.0001225063344738801,-0.6074654200992585,0.5435420845082681,ns,ns,0.278
08075,Nou Barris,0.0012599228708086044,-0.6085800020697744,0.5428028630821975,ns,ns,0.249
10006,Sant Marti,0.00048789108119736926,-0.6086341114585546,0.5427669890000781,ns,ns,0.333
08044,Nou Barris,0.0004766506625871061,-0.6097847693771421,0.5420043920085447,ns,ns,0.29
07089,Horta-Guinardo,0.0012503898575568623,-0.6100973505783281,0.54179732159951,ns,ns,0.293
08087,Nou Barris,0.00025781820913666756,-0.6112541626988444,0.5410313313033275,ns,ns,0.329
09030,Sant Andreu,0.0,-0.6115237380403127,0.5408529080897553,ns,ns,0.325
10010,Sant Marti,0.0011792479676184882,-0.6124930862841049,0.540211570867315,ns,ns,0.245
07113,Horta-Guinardo,0.0,-0.6135912226861525,0.5394854851204434,ns,ns,0.289
04008,Les Corts,0.00015878869834245088,-0.6138808980499113,0.5392940338086265,ns,ns,0.291
08215,Nou Barris,0.003273949774963974,-0.6149620887314098,0.5385797574624194,ns,ns,0.225
10025,Sant Marti,0.0002744654113822471,-0.6160425643502929,0.5378664278014345,ns,ns,0.345
09056,Sant Andreu,0.0,-0.616300150975387,0.5376964392404768,ns,ns,0.349
01037,Ciutat Vella,0.0,-0.6173098257366089,0.5370303870952631,ns,ns,0.324
07110,Horta-Guinardo,0.000935942704029249,-0.6173610446678562,0.5369966105598742,ns,ns,0.212
02034,Eixample,0.0005698465384063762,-0.6178556593097406,0.5366704898589869,ns,ns,0.273
06014,Gracia,0.0,-0.6206887652788361,0.5348044228167024,ns,ns,0.275
05072,Sarria-Sant Gervasi,0.00013801526648044563,-0.6210997645085432,0.534533984202157,ns,ns,0.313
07042,Horta-Guinardo,0.00012777083432931978,-0.6218307537426611,0.5340531618692712,ns,ns,0.274
10072,Sant Marti,0.000562590065632662,-0.6230649271439131,0.5332418563797632,ns,ns,0.228
03080,Sants-Montjuic,0.0003329440449115906,-0.6243288428692517,0.5324116456133476,ns,ns,0.198
07120,Horta-Guinardo,0.0,-0.6247764170671859,0.5321178107330646,ns,ns,0.321
08074,Nou Barris,0.0014117396639370945,-0.6253788797367454,0.5317224204604387,ns,ns,0.263
09026,Sant Andreu,0.0,-0.6269256328257737,0.5307079840321072,ns,ns,0.353
08073,Nou Barris,0.00035314834165408877,-0.6271892780144661,0.5305351706430455,ns,ns,0.309
07118,Horta-Guinardo,0.0,-0.6276620211114321,0.5302253699161223,ns,ns,0.342
02134,Eixample,0.0003235533154397252,-0.6295550355187552,0.5289857501415971,ns,ns,0.262
02121,Eixample,0.0009544395954132263,-0.6308753981296941,0.5281219990171337,ns,ns,0.295
09078,Sant Andreu,0.0005605980927143875,-0.6331185954454397,0.5266561997907968,ns,ns,0.166
10005,Sant Marti,0.0007145491425410291,-0.6333861692773408,0.5264814946066885,ns,ns,0.262
07107,Horta-Guinardo,0.00023562193947589485,-0.6342391998309251,0.5259247287784223,ns,ns,0.273
08100,Nou Barris,0.0,-0.6351395080876103,0.5253374318389792,ns,ns,0.253
09020,Sant Andreu,0.00012520972629153832,-0.6355067292700488,0.5250979792940638,ns,ns,0.257
09034,Sant Andreu,0.0,-0.6363812736870164,0.5245279434026102,ns,ns,0.235
08049,Nou Barris,5.8336349749466725e-05,-0.6367847556760862,0.5242650571271426,ns,ns,0.303
07059,Horta-Guinardo,0.0008566906386379003,-0.6377304651281608,0.5236491504936878,ns,ns,0.166
09071,Sant Andreu,0.00016718344135517902,-0.6381401727233501,0.5233824379053507,ns,ns,0.3
03052,Sants-Montjuic,9.988321347347717e-05,-0.638159449000268,0.5233698910982185,ns,ns,0.305
05047,Sarria-Sant Gervasi,0.0,-0.6387645023021827,0.522976144186194,ns,ns,0.266
03071,Sants-Montjuic,9.461871361803747e-05,-0.6406125526781551,0.521774441940432,ns,ns,0.157
07086,Horta-Guinardo,0.0,-0.6406533669010737,0.5217479183650555,ns,ns,0.144
07008,Horta-Guinardo,0.0002740385600426169,-0.6418929340208672,0.5209427024301072,ns,ns,0.267
06016,Gracia,0.00013203934772562222,-0.6428457593074536,0.5203241877087263,ns,ns,0.217
08045,Nou Barris,0.00016177665771986257,-0.6439629821001029,0.5195994388013574,ns,ns,0.265
09068,Sant Andreu,0.0007017436023521217,-0.6456279161362404,0.5185203537590923,ns,ns,0.293
07009,Horta-Guinardo,7.967891673097893e-05,-0.6458693383688501,0.5183639782218794,ns,ns,0.238
10013,Sant Marti,0.000970375378759422,-0.6461626403869247,0.5181740315853116,ns,ns,0.25
07101,Horta-Guinardo,0.0,-0.646332590413451,0.5180639859563336,ns,ns,0.304
06023,Gracia,0.0,-0.6466441011409311,0.5178623086694596,ns,ns,0.243
03079,Sants-Montjuic,0.00015594302274491592,-0.648750232990904,0.5164998297867167,ns,ns,0.188
02133,Eixample,1.6647202245579528e-05,-0.6494110190847584,0.5160727435361228,ns,ns,0.263
04038,Les Corts,0.0,-0.6498215601747053,0.5158074905586423,ns,ns,0.231
10020,Sant Marti,0.0,-0.6509061000874733,0.5151071034491035,ns,ns,0.263
07007,Horta-Guinardo,0.00045601951450497763,-0.6509867273241768,0.5150550547632362,ns,ns,0.281
07039,Horta-Guinardo,0.0005082376617197442,-0.6510016691573106,0.5150454094049195,ns,ns,0.331
07014,Horta-Guinardo,0.0,-0.6531694576240843,0.5136470380354119,ns,ns,0.215
05074,Sarria-Sant Gervasi,0.0,-0.6536190230884114,0.5133572852465389,ns,ns,0.312
05073,Sarria-Sant Gervasi,0.0006253372125583079,-0.6572234570809687,0.5110372448686826,ns,ns,0.133
03059,Sants-Montjuic,0.0,-0.659210233588019,0.5097607763105763,ns,ns,0.114
03076,Sants-Montjuic,0.0,-0.659210233588019,0.5097607763105763,ns,ns,0.118
08110,Nou Barris,0.0,-0.659210233588019,0.5097607763105763,ns,ns,0.122
01038,Ciutat Vella,0.0,-0.6593785337068794,0.5096527231955559,ns,ns,0.254
10021,Sant Marti,7.996348429073243e-05,-0.6601568412572186,0.5091531851875173,ns,ns,0.223
07003,Horta-Guinardo,0.001083917835101067,-0.6613449667702526,0.5083911102601868,ns,ns,0.236
07051,Horta-Guinardo,0.0,-0.6630548857291599,0.5072954028572849,ns,ns,0.206
10031,Sant Marti,0.0009413494876645653,-0.6638086856025172,0.5068127659241246,ns,ns,0.255
09057,Sant Andreu,0.00030960950501180383,-0.6642177902056607,0.506550928778176,ns,ns,0.268
02043,Eixample,0.0005541953226199338,-0.6647632630098521,0.5062019232508601,ns,ns,0.256
02044,Eixample,0.0004738049869895712,-0.6660087592460892,0.5054055016840144,ns,ns,0.275
04006,Les Corts,0.00011980294265622188,-0.6665056071321278,0.505087980912114,ns,ns,0.233
02119,Eixample,0.0,-0.6687005715843042,0.503686502840532,ns,ns,0.235
05051,Sarria-Sant Gervasi,0.001263479965305523,-0.6703990221454298,0.5026034578424594,ns,ns,0.207
03051,Sants-Montjuic,0.0,-0.6704822547569799,0.5025504148608249,ns,ns,0.268
10124,Sant Marti,0.00012464059117203133,-0.6708085360175743,0.5023425089150424,ns,ns,0.255
01048,Ciutat Vella,0.0,-0.6725214065962271,0.50125181694747,ns,ns,0.252
06075,Gracia,0.0,-0.6732526176092904,0.5007865914395535,ns,ns,0.261
09051,Sant Andreu,0.00111835050983124,-0.6740019270589824,0.5003100885285503,ns,ns,0.222
06076,Gracia,0.00041746061015837893,-0.6744272228574436,0.5000397402847154,ns,ns,0.268
01035,Ciutat Vella,0.0,-0.6745473046099373,0.4999634218212492,ns,ns,0.165
05070,Sarria-Sant Gervasi,0.00043481923130334223,-0.6746017534221258,0.49992881868627626,ns,ns,0.219
09037,Sant Andreu,0.0,-0.675796408035018,0.49916991557857315,ns,ns,0.235
07032,Horta-Guinardo,0.0,-0.6774463875540381,0.4981227749872845,ns,ns,0.197
07021,Horta-Guinardo,0.0,-0.678053466302378,0.49773779372117577,ns,ns,0.176
06034,Gracia,0.0,-0.6789696466168448,0.49715709454278656,ns,ns,0.229
04030,Les Corts,0.0,-0.6794247639337643,0.4968687634504534,ns,ns,0.281
09074,Sant Andreu,0.00298226802621664,-0.6802910555025014,0.49632018693020497,ns,ns,0.124
08023,Nou Barris,0.0005122216075562931,-0.6812032500330221,0.4957428918418394,ns,ns,0.189
04035,Les Corts,8.337829500777438e-05,-0.682704000213879,0.49479390151420866,ns,ns,0.148
09080,Sant Andreu,0.000265501533250012,-0.6847291224893544,0.4935148683271655,ns,ns,0.188
10125,Sant Marti,0.0002020429674249823,-0.685222479095283,0.49320354096523134,ns,ns,0.236
08012,Nou Barris,0.0005398246608523823,-0.6857429385720658,0.4928752246892141,ns,ns,0.219
07052,Horta-Guinardo,0.0,-0.6863001162294521,0.4925238756948018,ns,ns,0.315
04007,Les Corts,0.000246862358086158,-0.6865997932843632,0.49233495878525124,ns,ns,0.219
08008,Nou Barris,0.00012563657763116855,-0.6871765230974837,0.49197149674449014,ns,ns,0.243
06061,Gracia,0.0,-0.687300108057438,0.49189363075619985,ns,ns,0.254
04002,Les Corts,0.0014585510275165448,-0.6874665370214849,0.49178878090829836,ns,ns,0.219
07088,Horta-Guinardo,0.0003073329645337759,-0.68789224344841,0.4915206414688833,ns,ns,0.237
10014,Sant Marti,0.0007410139255981041,-0.6898041660459605,0.49031734845808495,ns,ns,0.274
09028,Sant Andreu,0.0,-0.6911827355493381,0.4894507119365521,ns,ns,0.249
06078,Gracia,0.0,-0.6914328819273509,0.48929354607961484,ns,ns,0.171
07087,Horta-Guinardo,0.0,-0.6944642508906068,0.4873911124751924,ns,ns,0.135
03077,Sants-Montjuic,0.0,-0.6955355780744082,0.48671972280456144,ns,ns,0.129
09063,Sant Andreu,0.00045132414976904495,-0.6957881671050935,0.4865615007098345,ns,ns,0.267
08088,Nou Barris,8.209774098888365e-05,-0.6970221249071824,0.48578894775309855,ns,ns,0.229
04040,Les Corts,0.00026436326301099795,-0.7008017649324537,0.4834267364735807,ns,ns,0.192
09023,Sant Andreu,0.0,-0.7027791242917238,0.4821934087922537,ns,ns,0.244
07012,Horta-Guinardo,0.0,-0.7038421321898257,0.4815310923097209,ns,ns,0.163
03050,Sants-Montjuic,0.0012011596697195073,-0.7056421758640002,0.4804106889583706,ns,ns,0.146
08085,Nou Barris,0.0,-0.7059820345038748,0.48019930989149984,ns,ns,0.205
02122,Eixample,4.9087904057478096e-05,-0.7072693778367328,0.4793990915555346,ns,ns,0.222
09058,Sant Andreu,0.0,-0.7075780084314536,0.47920735360861544,ns,ns,0.177
07071,Horta-Guinardo,0.0,-0.7079492095814688,0.47897679892339307,ns,ns,0.234
07015,Horta-Guinardo,0.0,-0.7086565203226377,0.47853765278243365,ns,ns,0.174
07105,Horta-Guinardo,0.00016689887379542554,-0.7089274760494542,0.4783694835118182,ns,ns,0.187
05084,Sarria-Sant Gervasi,9.091933534124203e-05,-0.7096941407421457,0.47789382639005895,ns,ns,0.114
05076,Sarria-Sant Gervasi,0.0,-0.7111417065819701,0.4769964274749712,ns,ns,0.22
06046,Gracia,0.0,-0.7128204022880169,0.47595689901655946,ns,ns,0.2
03033,Sants-Montjuic,0.0,-0.7159195208296045,0.47404104408964787,ns,ns,0.239
07114,Horta-Guinardo,0.0,-0.7160368846371511,0.4739685739340418,ns,ns,0.128
08108,Nou Barris,0.0,-0.7161057024734708,0.4739260829225733,ns,ns,0.202
07048,Horta-Guinardo,0.0,-0.7173624462071457,0.47315048513942903,ns,ns,0.151
09067,Sant Andreu,0.0005257385666445842,-0.7174234996866089,0.47311282385980213,ns,ns,0.203
07045,Horta-Guinardo,0.000412338394082816,-0.7190969601764728,0.47208118017165024,ns,ns,0.133
06004,Gracia,0.0,-0.719910139409016,0.47158032474069933,ns,ns,0.203
03070,Sants-Montjuic,9.988321347347717e-05,-0.7207239410662817,0.4710793794039392,ns,ns,0.085
03065,Sants-Montjuic,0.0,-0.7214300430737871,0.4706449678625928,ns,ns,0.135
03081,Sants-Montjuic,0.000546796566066343,-0.723706177510665,0.4692461397986478,ns,ns,0.161
07024,Horta-Guinardo,0.0,-0.7240353159980312,0.46904405390711323,ns,ns,0.119
03075,Sants-Montjuic,0.0,-0.7241570577234631,0.4689693185875483,ns,ns,0.132
02128,Eixample,0.0004994160673673859,-0.7243107108007493,0.46887500279909,ns,ns,0.199
09022,Sant Andreu,0.0006159464830864425,-0.7245609734836829,0.46872140828578734,ns,ns,0.154
07067,Horta-Guinardo,0.0,-0.7272135960585812,0.4670951186304424,ns,ns,0.167
08031,Nou Barris,0.0,-0.7277226887091822,0.46678335861270615,ns,ns,0.178
06038,Gracia,0.0,-0.7287223724271618,0.4661715047009616,ns,ns,0.111
03069,Sants-Montjuic,0.0,-0.7288197658075074,0.46611191914134986,ns,ns,0.098
07034,Horta-Guinardo,0.0,-0.7294037057910742,0.4657547516308771,ns,ns,0.206
07025,Horta-Guinardo,0.0,-0.7307938107901412,0.4649051045421828,ns,ns,0.165
07019,Horta-Guinardo,0.0,-0.7318945600399065,0.46423292678297656,ns,ns,0.162
06032,Gracia,0.0,-0.7364865745869075,0.46143463494068837,ns,ns,0.148
08114,Nou Barris,0.0,-0.7373660349328314,0.46089978462745496,ns,ns,0.104
08066,Nou Barris,0.0,-0.7373660349328314,0.46089978462745496,ns,ns,0.109
05079,Sarria-Sant Gervasi,0.0,-0.7373660349328314,0.46089978462745496,ns,ns,0.102
08113,Nou Barris,0.0,-0.7373660349328314,0.46089978462745496,ns,ns,0.121
07075,Horta-Guinardo,0.0,-0.7373660349328314,0.46089978462745496,ns,ns,0.114
08069,Nou Barris,0.0,-0.7373660349328314,0.46089978462745496,ns,ns,0.09
09029,Sant Andreu,0.0,-0.7373660349328314,0.46089978462745496,ns,ns,0.107
06053,Gracia,0.0,-0.7376815767321726,0.4607079700577428,ns,ns,0.174
02129,Eixample,0.0003500180984968004,-0.7380935265986872,0.46045761721759715,ns,ns,0.157
05043,Sarria-Sant Gervasi,0.0,-0.7409451649824217,0.45872668907540826,ns,ns,0.165
06055,Gracia,0.0,-0.7416774904373641,0.4582827610604916,ns,ns,0.178
05097,Sarria-Sant Gervasi,0.0,-0.7419013714014098,0.45814709487275085,ns,ns,0.144
07044,Horta-Guinardo,0.00034603415266025136,-0.7421512327838559,0.457995711816104,ns,ns,0.154
06074,Gracia,0.00017116738719172796,-0.7423091731875978,0.45790003523278155,ns,ns,0.215
09060,Sant Andreu,0.0035445735242895485,-0.7437458355431938,0.4570302541366096,ns,ns,0.125
03084,Sants-Montjuic,0.0,-0.7442474127317177,0.45672680904854857,ns,ns,0.127
08005,Nou Barris,0.00010842024026608204,-0.7448150891869227,0.4563835117316377,ns,ns,0.183
07018,Horta-Guinardo,0.00013630786112192467,-0.7526086595582183,0.45168511240357345,ns,ns,0.107
06048,Gracia,0.0,-0.752728045606618,0.4516133531964157,ns,ns,0.146
07023,Horta-Guinardo,0.0,-0.7528532705026106,0.45153809137034817,ns,ns,0.136
08098,Nou Barris,0.0,-0.7565113159892046,0.4493426903869615,ns,ns,0.156
03057,Sants-Montjuic,0.0,-0.7566827643251581,0.4492399432406997,ns,ns,0.156
09069,Sant Andreu,3.500180984968003e-05,-0.7594943221641202,0.44755690925522895,ns,ns,0.147
08010,Nou Barris,0.00016391091441801382,-0.7596482572989504,0.44746486535072094,ns,ns,0.218
06033,Gracia,0.0,-0.75996624284438,0.4472747632986618,ns,ns,0.201
03074,Sants-Montjuic,0.00015437790116627168,-0.760884652963607,0.44672596594988745,ns,ns,0.162
09082,Sant Andreu,0.00040693161044749954,-0.7638311363664159,0.4449678792621006,ns,ns,0.142
07064,Horta-Guinardo,0.0,-0.765028224325773,0.4442547380598205,ns,ns,0.116
09079,Sant Andreu,0.0,-0.768331501739851,0.44229026394166016,ns,ns,0.234
02120,Eixample,0.00012179491557449637,-0.7697003801070192,0.44147764456368077,ns,ns,0.129
06073,Gracia,8.081718696999291e-05,-0.7697875059340421,0.44142595224789005,ns,ns,0.173
01039,Ciutat Vella,0.001169288103027116,-0.7705654748266998,0.44096453198375496,ns,ns,0.096
06007,Gracia,0.0,-0.7706304430900044,0.44092601123850184,ns,ns,0.199
08068,Nou Barris,0.0,-0.7711010096531687,0.44064706220714234,ns,ns,0.125
07043,Horta-Guinardo,0.00010429401064965634,-0.7721411830661181,0.44003081278207823,ns,ns,0.14
05050,Sarria-Sant Gervasi,0.0,-0.7744523649481702,0.43866332730052116,ns,ns,0.193
10022,Sant Marti,0.0,-0.775519256561399,0.4380328912080027,ns,ns,0.216
08093,Nou Barris,0.0,-0.775768868520453,0.43788546845374277,ns,ns,0.097
05037,Sarria-Sant Gervasi,0.0,-0.777403842610842,0.43692054608069064,ns,ns,0.134
07047,Horta-Guinardo,0.0,-0.7782895348238484,0.43639834360364227,ns,ns,0.139
06027,Gracia,0.0,-0.7794380326863377,0.43572172727467784,ns,ns,0.086
05044,Sarria-Sant Gervasi,0.0,-0.7810391225041782,0.4347794851264648,ns,ns,0.1
07027,Horta-Guinardo,0.0002006201296262148,-0.7811525863961248,0.43471275624037986,ns,ns,0.121
08072,Nou Barris,0.0,-0.782594410928926,0.4338653246158688,ns,ns,0.127
09047,Sant Andreu,0.0,-0.7845854556639016,0.4326966603012439,ns,ns,0.185
05096,Sarria-Sant Gervasi,5.8194065969589965e-05,-0.7847468489814647,0.43260200872663246,ns,ns,0.137
03103,Sants-Montjuic,0.0,-0.7849084228972928,0.43250726324467736,ns,ns,0.103
03102,Sants-Montjuic,0.0,-0.7849084228972928,0.43250726324467736,ns,ns,0.1
08004,Nou Barris,0.00022224726416748052,-0.7855265860374948,0.43214488889953295,ns,ns,0.19
07037,Horta-Guinardo,0.00080376107252375,-0.785815730191263,0.4319754496542947,ns,ns,0.126
08094,Nou Barris,0.00010215975395150513,-0.7859758161091864,0.4318816554353917,ns,ns,0.089
03073,Sants-Montjuic,0.000746136141673667,-0.7867757020740491,0.4314131796600358,ns,ns,0.099
05093,Sarria-Sant Gervasi,0.00020019327828658457,-0.7883308128201416,0.4305032288129502,ns,ns,0.117
07017,Horta-Guinardo,0.0,-0.7889288489135015,0.4301535932911593,ns,ns,0.146
02123,Eixample,0.00016433776575764406,-0.7894011176979896,0.4298776028475322,ns,ns,0.153
03104,Sants-Montjuic,0.00029708853238265005,-0.789825195790183,0.42962986235583456,ns,ns,0.146
08090,Nou Barris,0.00024672007430628126,-0.7902257822061086,0.4293959215722931,ns,ns,0.111
07031,Horta-Guinardo,0.0,-0.7904008608993774,0.4292936996025871,ns,ns,0.111
07050,Horta-Guinardo,0.0,-0.7904008608993774,0.4292936996025871,ns,ns,0.113
07020,Horta-Guinardo,0.0,-0.7913998393256754,0.42871070371467734,ns,ns,0.123
03072,Sants-Montjuic,0.0,-0.7923267265253332,0.4281701917465517,ns,ns,0.126
09044,Sant Andreu,0.0,-0.7923889406202616,0.4281339259606478,ns,ns,0.153
08115,Nou Barris,0.0,-0.7929361093450764,0.42781504785583224,ns,ns,0.092
05090,Sarria-Sant Gervasi,0.0,-0.7930917708551444,0.4277243569636673,ns,ns,0.098
05091,Sarria-Sant Gervasi,0.00011382702390139847,-0.7930917708551444,0.4277243569636673,ns,ns,0.084
03061,Sants-Montjuic,0.0,-0.7935698740646384,0.42744587636994247,ns,ns,0.082
03062,Sants-Montjuic,0.0,-0.7935698740646384,0.42744587636994247,ns,ns,0.111
03068,Sants-Montjuic,0.0,-0.7935698740646384,0.42744587636994247,ns,ns,0.098
03067,Sants-Montjuic,0.0,-0.7935698740646384,0.42744587636994247,ns,ns,0.104
06002,Gracia,0.0,-0.7940924519912946,0.42714161144056817,ns,ns,0.1
03090,Sants-Montjuic,0.0,-0.7950858071445867,0.42656359000902655,ns,ns,0.178
09036,Sant Andreu,0.00021257196713586163,-0.7962608477505475,0.42588043718508173,ns,ns,0.102
06025,Gracia,0.0,-0.7970500206825833,0.42542198125337505,ns,ns,0.083
03095,Sants-Montjuic,0.00012336003715314057,-0.7979498422032573,0.42489959775046326,ns,ns,0.138
05086,Sarria-Sant Gervasi,0.0,-0.801475255040226,0.42285656381407355,ns,ns,0.096
06003,Gracia,0.0,-0.8019867142875917,0.422560643482798,ns,ns,0.083
07001,Horta-Guinardo,0.0005741150518026786,-0.8037133686642143,0.4215625315397262,ns,ns,0.143
03085,Sants-Montjuic,0.00016504918465702777,-0.8069303492932755,0.419706612385371,ns,ns,0.091
06062,Gracia,0.0,-0.8069303492932755,0.419706612385371,ns,ns,0.128
06031,Gracia,0.0009167343937458881,-0.8069303492932755,0.419706612385371,ns,ns,0.074
06051,Gracia,0.0,-0.8071160161855254,0.4195996454678763,ns,ns,0.13
06052,Gracia,0.001652768387048306,-0.8071160161855254,0.4195996454678763,ns,ns,0.098
03088,Sants-Montjuic,0.0,-0.8075498607203606,0.419349760255199,ns,ns,0.164
08111,Nou Barris,0.0,-0.8081242252559804,0.41901907316785625,ns,ns,0.085
07079,Horta-Guinardo,0.0,-0.8081242252559804,0.41901907316785625,ns,ns,0.076
06085,Gracia,0.0,-0.8081242252559804,0.41901907316785625,ns,ns,0.085
07049,Horta-Guinardo,0.0,-0.8081242252559804,0.41901907316785625,ns,ns,0.099
06019,Gracia,0.0,-0.8081242252559804,0.41901907316785625,ns,ns,0.095
08112,Nou Barris,0.0,-0.8081242252559804,0.41901907316785625,ns,ns,0.083
07065,Horta-Guinardo,0.0,-0.8081242252559804,0.41901907316785625,ns,ns,0.098
07068,Horta-Guinardo,0.0,-0.8081242252559804,0.41901907316785625,ns,ns,0.089
07073,Horta-Guinardo,0.0,-0.8081242252559804,0.41901907316785625,ns,ns,0.084
03066,Sants-Montjuic,0.0,-0.8081242252559804,0.41901907316785625,ns,ns,0.088
07013,Horta-Guinardo,6.758479544145535e-05,-0.8089761769081012,0.4185288495245296,ns,ns,0.155
07030,Horta-Guinardo,0.0008685001923676703,-0.8104216244119866,0.4176978936398803,ns,ns,0.065
06054,Gracia,0.0,-0.8107820805451869,0.4174908268847184,ns,ns,0.107
08084,Nou Barris,0.0,-0.812295996304628,0.4166218073533452,ns,ns,0.105
07060,Horta-Guinardo,0.0,-0.8180502122010455,0.41332851633252865,ns,ns,0.135
04033,Les Corts,5.890548486897371e-05,-0.8186194267556269,0.4130035797148963,ns,ns,0.095
03083,Sants-Montjuic,0.00017130967097160472,-0.8204744760896193,0.41194567392042103,ns,ns,0.117
06039,Gracia,0.0,-0.8220647689353447,0.4110400354613708,ns,ns,0.133
06015,Gracia,0.0,-0.8225230891954152,0.4107792512760322,ns,ns,0.129
10023,Sant Marti,0.00010215975395150513,-0.8232435640072532,0.4103694998854628,ns,ns,0.108
07002,Horta-Guinardo,0.0005368367014749706,-0.8246427718063847,0.4095744308508522,ns,ns,0.16
07033,Horta-Guinardo,0.0,-0.8258429192112501,0.40889320396471174,ns,ns,0.136
08097,Nou Barris,8.679310572481635e-05,-0.8339052883762096,0.4043343569472089,ns,ns,0.133
08009,Nou Barris,0.0010358259175027261,-0.835641710136219,0.40335649644237614,ns,ns,0.111
08070,Nou Barris,0.0,-0.8383917754847928,0.4018107070496837,ns,ns,0.119
05083,Sarria-Sant Gervasi,0.00014740599595231102,-0.8430377550932794,0.3992073286900659,ns,ns,0.093
06018,Gracia,0.0,-0.8432686735450177,0.3990781986962819,ns,ns,0.133
03093,Sants-Montjuic,0.0,-0.8449842182125609,0.39811965055835286,ns,ns,0.094
08091,Nou Barris,0.0,-0.8453965821178423,0.39788945217722316,ns,ns,0.121
05078,Sarria-Sant Gervasi,0.0,-0.8484347157590107,0.39619591580012914,ns,ns,0.105
06079,Gracia,0.0,-0.8495334635433301,0.3955845178397177,ns,ns,0.097
06077,Gracia,0.0,-0.8495967227101162,0.3955493346546999,ns,ns,0.14
08096,Nou Barris,0.0,-0.8512046611969312,0.3946556739808811,ns,ns,0.088
04037,Les Corts,0.0,-0.8531092129115977,0.39359874285603613,ns,ns,0.115
03099,Sants-Montjuic,0.0,-0.8536248666627044,0.393312875901886,ns,ns,0.081
05081,Sarria-Sant Gervasi,0.0,-0.8545826501023508,0.39278223595785566,ns,ns,0.085
06040,Gracia,0.0,-0.8553035623687514,0.39238311591507413,ns,ns,0.071
09070,Sant Andreu,0.0,-0.8564054562645559,0.39177354769838146,ns,ns,0.103
06049,Gracia,0.0,-0.85731181796801,0.39127257894340994,ns,ns,0.07
03096,Sants-Montjuic,0.0,-0.8581769126876906,0.3907947824267721,ns,ns,0.105
06017,Gracia,0.0004211599884351744,-0.8591908782791902,0.3902352150911965,ns,ns,0.088
07082,Horta-Guinardo,0.0,-0.8592376835939657,0.39020939686156964,ns,ns,0.085
07083,Horta-Guinardo,0.0,-0.8592376835939657,0.39020939686156964,ns,ns,0.112
05098,Sarria-Sant Gervasi,0.0,-0.8608339893267097,0.3893294820293236,ns,ns,0.081
06022,Gracia,0.0003670921520820101,-0.8621979774783802,0.38857858248185817,ns,ns,0.093
06086,Gracia,0.0,-0.8630276223658999,0.3881222799750925,ns,ns,0.075
07046,Horta-Guinardo,0.00027659966808039833,-0.863913566124072,0.38763537383402125,ns,ns,0.095
07038,Horta-Guinardo,8.266687610839064e-05,-0.8654826800541483,0.3867739181943204,ns,ns,0.127
06020,Gracia,0.0,-0.8659730639114792,0.3865049334306385,ns,ns,0.114
07029,Horta-Guinardo,0.0,-0.866197278384342,0.38638198562180426,ns,ns,0.107
03091,Sants-Montjuic,0.0,-0.8671059260443944,0.3858839739344586,ns,ns,0.089
05088,Sarria-Sant Gervasi,0.0,-0.8671265235377201,0.38587268940448505,ns,ns,0.065
06030,Gracia,0.0,-0.871922859183453,0.3832504621905022,ns,ns,0.105
06028,Gracia,0.0,-0.8732851740421133,0.3825076595548378,ns,ns,0.095
06080,Gracia,0.0,-0.8732851740421133,0.3825076595548378,ns,ns,0.077
07069,Horta-Guinardo,0.0,-0.8732851740421133,0.3825076595548378,ns,ns,0.082
06083,Gracia,0.0,-0.8732851740421133,0.3825076595548378,ns,ns,0.089
07077,Horta-Guinardo,0.0,-0.8732851740421133,0.3825076595548378,ns,ns,0.09
07072,Horta-Guinardo,0.0,-0.8732851740421133,0.3825076595548378,ns,ns,0.083
07080,Horta-Guinardo,0.0,-0.8732851740421133,0.3825076595548378,ns,ns,0.076
09033,Sant Andreu,0.0,-0.8834887662772102,0.3769722494307546,ns,ns,0.093
03086,Sants-Montjuic,0.0,-0.8835560923033963,0.37693589014640927,ns,ns,0.095
07022,Horta-Guinardo,0.0,-0.8870643747024511,0.37504424290761573,ns,ns,0.102
06081,Gracia,0.0,-0.8876715774253645,0.3747174389764889,ns,ns,0.08
07062,Horta-Guinardo,0.0,-0.8877197681176592,0.37469150969887455,ns,ns,0.099
05041,Sarria-Sant Gervasi,0.0,-0.8923267983010336,0.3722177944280125,ns,ns,0.092
07070,Horta-Guinardo,0.0,-0.8933836683781959,0.37165174553052704,ns,ns,0.137
04032,Les Corts,0.00011638813193917993,-0.8936900876311478,0.37148773037385485,ns,ns,0.116
06042,Gracia,0.0,-0.8941484064697737,0.37124249267696774,ns,ns,0.091
03063,Sants-Montjuic,0.00018624946785866325,-0.8941491595728305,0.371242089788526,ns,ns,0.117
03078,Sants-Montjuic,0.0,-0.8946982324033438,0.3709484238482048,ns,ns,0.099
07063,Horta-Guinardo,0.0,-0.8966639606075577,0.36989825698775913,ns,ns,0.099
07102,Horta-Guinardo,0.0,-0.8986686934070176,0.3688291571916871,ns,ns,0.084
06026,Gracia,0.0,-0.8995554021452403,0.3683568998913189,ns,ns,0.08
07085,Horta-Guinardo,0.0,-0.9000565853451052,0.36809013840891724,ns,ns,0.098
07084,Horta-Guinardo,0.0001940750757518844,-0.9005282528614522,0.3678391969329413,ns,ns,0.129
07066,Horta-Guinardo,0.0,-0.9011711763464154,0.3674973136981017,ns,ns,0.101
03087,Sants-Montjuic,0.00022594664244427595,-0.9011938856832604,0.36748524132261506,ns,ns,0.082
03098,Sants-Montjuic,0.0,-0.9088562057581195,0.3634260334156112,ns,ns,0.092
06021,Gracia,0.0,-0.9091549880503468,0.36326832020710276,ns,ns,0.085
08065,Nou Barris,0.0,-0.9110896901692962,0.3622481181983923,ns,ns,0.12
05082,Sarria-Sant Gervasi,0.0,-0.912113896557242,0.36170876369462013,ns,ns,0.086
04031,Les Corts,0.0,-0.9124079161127587,0.36155402390235736,ns,ns,0.098
07081,Horta-Guinardo,0.0,-0.9132030062031025,0.36113578317587924,ns,ns,0.102
03097,Sants-Montjuic,0.0,-0.9177080935268187,0.35877170929126123,ns,ns,0.104
05085,Sarria-Sant Gervasi,8.508570036629537e-05,-0.9220990080007062,0.35647693436751293,ns,ns,0.077
08099,Nou Barris,0.0,-0.9236264734522958,0.3556808255459569,ns,ns,0.105
03094,Sants-Montjuic,0.0,-0.924644689353453,0.35515075897039905,ns,ns,0.103
06036,Gracia,0.0,-0.9271783069685687,0.3538339640060193,ns,ns,0.091
06050,Gracia,0.0002206821425888363,-0.927195552183454,0.3538250117501476,ns,ns,0.09
05080,Sarria-Sant Gervasi,0.0,-0.9282577784759702,0.35327386973394814,ns,ns,0.075
08109,Nou Barris,0.0,-0.9336540818360147,0.35048235833323815,ns,ns,0.105
06082,Gracia,0.0,-0.9340213852744177,0.35029286184276764,ns,ns,0.09
06035,Gracia,0.0,-0.9340213852744177,0.35029286184276764,ns,ns,0.103
05087,Sarria-Sant Gervasi,0.0,-0.9340213852744177,0.35029286184276764,ns,ns,0.072
06084,Gracia,0.0,-0.9340213852744177,0.35029286184276764,ns,ns,0.099
07078,Horta-Guinardo,0.0,-0.9340213852744177,0.35029286184276764,ns,ns,0.086
07074,Horta-Guinardo,0.0,-0.9340213852744177,0.35029286184276764,ns,ns,0.097
01049,Ciutat Vella,0.0,-0.9340213852744177,0.35029286184276764,ns,ns,0.079
03060,Sants-Montjuic,0.0,-0.9340213852744177,0.35029286184276764,ns,ns,0.082
03058,Sants-Montjuic,0.0,-0.9362917269900981,0.3491230065217976,ns,ns,0.128
05071,Sarria-Sant Gervasi,0.00017330164388987916,-0.9368942753760351,0.34881294417644026,ns,ns,0.099
03082,Sants-Montjuic,0.00048106145976328535,-0.937127251822832,0.34869310490704164,ns,ns,0.094
05038,Sarria-Sant Gervasi,0.0,-0.9390269889573002,0.34771688771673137,ns,ns,0.09
05042,Sarria-Sant Gervasi,0.0,-0.9422543697154329,0.3460624237800647,ns,ns,0.1
06088,Gracia,0.0,-0.9457544868756612,0.3442738243831358,ns,ns,0.107
05089,Sarria-Sant Gervasi,0.0,-0.9590094760175127,0.3375539714589286,ns,ns,0.083
03101,Sants-Montjuic,0.0,-0.9628277856468527,0.33563395431997867,ns,ns,0.079
06037,Gracia,0.00010102148371249114,-0.9702553069972593,0.33191924875768253,ns,ns,0.083
07026,Horta-Guinardo,0.0001558007389650392,-0.973074654687861,0.3305161997177146,ns,ns,0.096
03092,Sants-Montjuic,0.0,-0.9767100685135245,0.3287127091146651,ns,ns,0.096
06041,Gracia,0.0,-0.9800738174727048,0.3270496822676918,ns,ns,0.083
09038,Sant Andreu,0.0,-0.9807197336457141,0.32673096976206883,ns,ns,0.085
03100,Sants-Montjuic,8.537026792604885e-05,-0.9818102392327143,0.3261933428392103,ns,ns,0.065
06029,Gracia,0.0,-0.9896591261968831,0.32234075967126996,ns,ns,0.075
07076,Horta-Guinardo,0.0,-0.9911469153977908,0.32161384717095265,ns,ns,0.079
05077,Sarria-Sant Gervasi,0.0,-0.9911469153977908,0.32161384717095265,ns,ns,0.08
05075,Sarria-Sant Gervasi,0.0,-0.9968209947465648,0.3188514056417855,ns,ns,0.1
04034,Les Corts,0.0002706237493255749,-1.0102041973014522,0.31239746875539964,ns,ns,0.087
06001,Gracia,7.854064649196495e-05,-1.0185223193278294,0.30842979950297655,ns,ns,0.079
06087,Gracia,0.0,-1.028393617666186,0.3037647095244116,ns,ns,0.065
05092,Sarria-Sant Gervasi,0.0,-1.0445476015982462,0.29623210781364007,ns,ns,0.083
07016,Horta-Guinardo,0.0008337829500777439,-1.0570048339621074,0.2905093812847772,ns,ns,0.09
06024,Gracia,0.00014171464475724112,-1.1179077976284164,0.2636063743889139,ns,ns,0.092
07061,Horta-Guinardo,0.0005514919308022757,-1.1635280536702488,0.2446153228085448,ns,ns,0.085
