section_rank,section_key,district,street,n_planes,n_mature,suggested_remove,example_codis
1,03024,Sants-Montjuic,Av Estadi,277,114,114,0175348AR;0175349AR;0175360AR
1,03024,Sants-Montjuic,Av Miramar,224,100,100,0086414AR;0086457AR;0175339AR
1,03024,Sants-Montjuic,Pl Carles Buïgas,117,72,72,0175350AR;0175382AR;0175386AR
1,03024,Sants-Montjuic,Av Francesc Ferrer i Guàrdia,92,51,51,0175338AR;0175351AR;0175373AR
1,03024,Sants-Montjuic,Av Rius i Taulet,56,50,50,0175489AR;0175499AR;0175590AR
1,03024,Sants-Montjuic,Pg Jean C. N. Forestier,43,36,36,0175336AR;0175455AR;0175474AR
1,03024,Sants-Montjuic,Pg Migdia,282,34,34,0175353AR;0175391AR;0175400AR
1,03024,Sants-Montjuic,C\ Jocs del 92,99,28,28,0175335AR;0175347AR;0175470AR
1,03024,Sants-Montjuic,C\ Mirador del Palau Nacional,27,22,22,0175413AR;0175637AR;0175686AR
1,03024,Sants-Montjuic,C\ Foc,90,21,21,0175352AR;0175361AR;0175445AR
1,03024,Sants-Montjuic,Pg Olímpic,215,20,20,0175346AR;0175355AR;0175392AR
1,03024,Sants-Montjuic,C\ Doctor Font i Quer,105,12,12,0175378AR;0175381AR;0175387AR
1,03024,Sants-Montjuic,C\ Can Valero,45,7,7,0175390AR;0175430AR;0175442AR
1,03024,Sants-Montjuic,Av Paral·lel,19,6,6,0175587AR;0175645AR;0175941AR
1,03024,Sants-Montjuic,C\ Tarongers,36,6,6,0176442AR;0177478AR;0178181AR
1,03024,Sants-Montjuic,Pg Exposició,75,6,6,0085324AR;0085325AR;0085365AR
1,03024,Sants-Montjuic,C\ Mare de Déu de Port,14,5,5,0087472AR;0087498AR;0087580AR
1,03024,Sants-Montjuic,Pg Miramar,9,2,2,0085425AR;0085498AR;0086067AR
1,03024,Sants-Montjuic,C\ Lleida,11,1,1,0175858AR;0176006AR;0176009AR
1,03024,Sants-Montjuic,C\ Nou de la Rambla,1,1,1,0087291AR
1,03024,Sants-Montjuic,Ctra B-10 (Llobregat),2,0,0,0341751AR;0341752AR
1,03024,Sants-Montjuic,Pg Josep Carner,1,0,0,0341277AR
2,10089,Sant Marti,C\ Maresme,47,32,32,0235580AR;0235588AR;0235658AR
2,10089,Sant Marti,Rbla Prim,100,17,17,0235675AR;0235685AR;0235743AR
2,10089,Sant Marti,C\ Cristóbal de Moura,33,16,16,0235595AR;0235760AR;0236184AR
2,10089,Sant Marti,C\ Josep Pla,25,9,9,0235663AR;0236140AR;0236208AR
2,10089,Sant Marti,C\ Pere IV,2,2,2,0235848AR;0236338AR
3,03025,Sants-Montjuic,C\ Tortosa,46,38,38,0081738AR;0081741AR;0081759AR
3,03025,Sants-Montjuic,C\ Encuny,25,20,20,0081758AR;0081820AR;0081842AR
3,03025,Sants-Montjuic,C\ Foc,59,19,19,0081748AR;0081751AR;0081778AR
3,03025,Sants-Montjuic,Pl Falset,37,17,17,0081788AR;0081808AR;0081851AR
3,03025,Sants-Montjuic,C\ Cisell,18,12,12,0081770AR;0081858AR;0081860AR
3,03025,Sants-Montjuic,C\ Cobalt,39,12,12,0081796AR;0081799AR;0081830AR
3,03025,Sants-Montjuic,C\ Plom,46,10,10,0081752AR;0081781AR;0081817AR
3,03025,Sants-Montjuic,C\ Arnes,13,7,7,0081742AR;0082052AR;0082091AR
3,03025,Sants-Montjuic,C\ Pontils,7,6,6,0081883AR;0082207AR;0082223AR
3,03025,Sants-Montjuic,C\ Cal Cisó,11,3,3,0308026AR;0308027AR;0308028AR
3,03025,Sants-Montjuic,C\ Mare de Déu de Port,3,2,2,0087501AR;0087570AR;0087582AR
3,03025,Sants-Montjuic,C\ Ulldecona,5,2,2,0308031AR;0308032AR;0308033AR
3,03025,Sants-Montjuic,Pl Nou,18,2,2,0081888AR;0081913AR;0081970AR
3,03025,Sants-Montjuic,C\ Motors,3,1,1,0331901AR;0331904AR;0331905AR
3,03025,Sants-Montjuic,Parc Tretze Roses,1,1,1,0082346AR
3,03025,Sants-Montjuic,C\ Acer,1,0,0,0331910AR
4,10042,Sant Marti,C\ Ciutat de Granada,85,24,24,0026756AR;0026802AR;0026810AR
4,10042,Sant Marti,C\ Sancho de Ávila,40,17,17,0026894AR;0027077AR;0027089AR
4,10042,Sant Marti,Av Diagonal,157,10,10,0026149AR;0026750AR;0026764AR
4,10042,Sant Marti,C\ Almogàvers,17,9,9,0026841AR;0027142AR;0027190AR
4,10042,Sant Marti,C\ Àvila,54,9,9,0026793AR;0026863AR;0026888AR
4,10042,Sant Marti,C\ Badajoz,29,6,6,0026757AR;0026817AR;0026858AR
4,10042,Sant Marti,C\ Tànger,18,6,6,0026786AR;0027096AR;0027395AR
4,10042,Sant Marti,C\ Llacuna,60,5,5,0026763AR;0026776AR;0026808AR
4,10042,Sant Marti,C\ Bolívia,31,4,4,0026806AR;0027130AR;0027160AR
4,10042,Sant Marti,C\ Pallars,1,1,1,0027771AR
5,02077,Eixample,G.V. Corts Catalanes,114,64,64,0094763AR;0094814AR;0094845AR
5,02077,Eixample,Pg Gràcia,81,42,42,0094792AR;0094800AR;0094835AR
5,02077,Eixample,Pl Catalunya,53,39,39,0094793AR;0094856AR;0094919AR
5,02077,Eixample,Pl Urquinaona,31,27,27,0095225AR;0095491AR;0095520AR
5,02077,Eixample,C\ Pau Claris,21,18,18,0094762AR;0094867AR;0094999AR
5,02077,Eixample,C\ Casp,11,8,8,0095550AR;0096577AR;0096749AR
5,02077,Eixample,Rda Sant Pere,20,8,8,0094797AR;0094837AR;0095255AR
5,02077,Eixample,Pl Universitat,6,2,2,0095106AR;0095541AR;0096189AR
5,02077,Eixample,C\ Fontanella,1,1,1,0100257AR
6,01043,Ciutat Vella,Pg Pujades,113,69,69,0113176AR;0113177AR;0113203AR
6,01043,Ciutat Vella,Pg Picasso,92,55,55,0113192AR;0113195AR;0113215AR
6,01043,Ciutat Vella,Pla Palau,32,30,30,0113194AR;0113197AR;0113220AR
6,01043,Ciutat Vella,Pg Circumval·lació,96,23,23,0113168AR;0113169AR;0113184AR
6,01043,Ciutat Vella,C\ Doctor Aiguader,52,16,16,0113173AR;0113243AR;0113282AR
6,01043,Ciutat Vella,Pl Correus,15,9,9,0113365AR;0113504AR;0113716AR
6,01043,Ciutat Vella,Pg Isabel II,15,0,0,0113236AR;0113343AR;0113385AR
7,10055,Sant Marti,C\ Frederic Mompou,30,20,20,0159695AR;0159771AR;0159773AR
7,10055,Sant Marti,C\ Arquitecte Sert,35,19,19,0159693AR;0159732AR;0159778AR
7,10055,Sant Marti,C\ Joan Miró,41,18,18,0159675AR;0159694AR;0159723AR
7,10055,Sant Marti,Av Icària,81,17,17,0159703AR;0159708AR;0159716AR
7,10055,Sant Marti,C\ Jaume Vicens i Vives,23,17,17,0159680AR;0160078AR;0160198AR
7,10055,Sant Marti,C\ Rosa Sensat,23,13,13,0159903AR;0159907AR;0159915AR
7,10055,Sant Marti,C\ Joan Oliver,8,7,7,0159750AR;0160251AR;0160532AR
7,10055,Sant Marti,Pg Marítim de Nova Icària,37,5,5,0250475AR;0250520AR;0250549AR
8,10052,Sant Marti,C\ Ramon Turró,81,33,33,0159701AR;0159748AR;0159767AR
8,10052,Sant Marti,C\ Doctor Trueta,53,20,20,0159692AR;0159705AR;0159832AR
8,10052,Sant Marti,C\ Àlaba,30,15,15,0159669AR;0159720AR;0160041AR
8,10052,Sant Marti,C\ Llull,48,14,14,0159761AR;0159835AR;0159841AR
8,10052,Sant Marti,C\ Pamplona,28,11,11,0159768AR;0159912AR;0160057AR
8,10052,Sant Marti,C\ Zamora,11,5,5,0159676AR;0160044AR;0160168AR
8,10052,Sant Marti,C\ Joan Miró,7,4,4,0159943AR;0160477AR;0160623AR
8,10052,Sant Marti,Av Icària,6,3,3,0160173AR;0160242AR;0160487AR
8,10052,Sant Marti,C\ Àvila,14,0,0,0159843AR;0159867AR;0159950AR
9,10043,Sant Marti,C\ Zamora,35,14,14,0026796AR;0026903AR;0026980AR
9,10043,Sant Marti,C\ Pamplona,32,11,11,0026762AR;0026843AR;0026889AR
9,10043,Sant Marti,C\ Pujades,26,11,11,0027073AR;0027113AR;0027144AR
9,10043,Sant Marti,C\ Joan d'Àustria,25,9,9,0026866AR;0026871AR;0026983AR
9,10043,Sant Marti,C\ Llull,37,7,7,0026787AR;0026816AR;0026844AR
9,10043,Sant Marti,C\ Sancho de Ávila,11,4,4,0026789AR;0027376AR;0027540AR
9,10043,Sant Marti,C\ Almogàvers,5,2,2,0027133AR;0027445AR;0028217AR
9,10043,Sant Marti,C\ Pallars,84,2,2,0026815AR;0026867AR;0026883AR
9,10043,Sant Marti,C\ Àvila,6,2,2,0027426AR;0027590AR;0027994AR
9,10043,Sant Marti,C\ Àlaba,11,1,1,0027065AR;0027502AR;0027778AR
9,10043,Sant Marti,C\ Bolívia,4,0,0,0028134AR;0028184AR;0028754AR
9,10043,Sant Marti,C\ Tànger,1,0,0,0027510AR
10,02081,Eixample,Pg Gràcia,86,51,51,0094904AR;0094950AR;0094994AR
10,02081,Eixample,C\ València,27,17,17,0094890AR;0094935AR;0095104AR
10,02081,Eixample,C\ Mallorca,23,11,11,0095330AR;0095646AR;0095720AR
10,02081,Eixample,C\ Provença,15,7,7,0094922AR;0094985AR;0095400AR
10,02081,Eixample,C\ Aragó,6,5,5,0096428AR;0096755AR;0097307AR
10,02081,Eixample,C\ Balmes,3,3,3,0096278AR;0096649AR;0097055AR
10,02081,Eixample,Rbla Catalunya,1,0,0,0099084AR
11,04055,Les Corts,C\ Marquès de Mulhacén,94,60,60,0180334AR;0180351AR;0180362AR
11,04055,Les Corts,C\ Cavallers,84,43,43,0181937AR;0182232AR;0182244AR
11,04055,Les Corts,C\ Borrell i Soler,47,29,29,0182285AR;0182290AR;0182349AR
11,04055,Les Corts,C\ Doctor Francesc Darder,18,10,10,0181992AR;0182157AR;0182563AR
11,04055,Les Corts,C\ Tòquio,29,9,9,0180375AR;0180448AR;0180552AR
12,04056,Les Corts,Av Esplugues,78,42,42,0181940AR;0181941AR;0181953AR
12,04056,Les Corts,C\ Cavallers,34,14,14,0182130AR;0182238AR;0182323AR
12,04056,Les Corts,Pl Pedralbes,28,12,12,0181961AR;0181962AR;0181963AR
12,04056,Les Corts,C\ Panamà,31,10,10,0181959AR;0182100AR;0182243AR
12,04056,Les Corts,C\ Bisbe Català,13,9,9,0181950AR;0182096AR;0182247AR
12,04056,Les Corts,C\ Miret i Sans,20,6,6,0182062AR;0182246AR;0182759AR
12,04056,Les Corts,C\ Doctor Francesc Darder,14,5,5,0182092AR;0182399AR;0182731AR
12,04056,Les Corts,Av Pearson,1,1,1,0183924AR
12,04056,Les Corts,Av Pedralbes,2,1,1,0182980AR;0183163AR
13,02083,Eixample,Av Diagonal,54,26,26,0094632AR;0094636AR;0094643AR
13,02083,Eixample,C\ Còrsega,41,23,23,0094906AR;0095452AR;0095475AR
13,02083,Eixample,Pg Gràcia,39,22,22,0095009AR;0095293AR;0095322AR
13,02083,Eixample,C\ Provença,21,12,12,0094831AR;0095154AR;0095739AR
13,02083,Eixample,C\ Rosselló,1,1,1,0099969AR
13,02083,Eixample,Ptge Concepció,1,1,1,0097184AR
14,02091,Eixample,C\ Consell de Cent,29,23,23,0167459AR;0167518AR;0167851AR
14,02091,Eixample,C\ Diputació,27,21,21,0167296AR;0167408AR;0167566AR
14,02091,Eixample,C\ Enric Granados,20,18,18,0167405AR;0167555AR;0167733AR
14,02091,Eixample,C\ Aribau,19,17,17,0167111AR;0167397AR;0167646AR
14,02091,Eixample,G.V. Corts Catalanes,50,16,16,0167278AR;0167302AR;0167380AR
14,02091,Eixample,C\ Aragó,3,1,1,0168547AR;0169299AR;0169410AR
15,09014,Sant Andreu,C\ Josep Finestres,19,10,10,0226775AR;0226867AR;0226975AR
15,09014,Sant Andreu,C\ Cresques,18,8,8,0226598AR;0226758AR;0227349AR
15,09014,Sant Andreu,C\ Santander,5,3,3,0226633AR;0227024AR;0228793AR
15,09014,Sant Andreu,C\ Sant Adrià,4,2,2,0226516AR;0226971AR;0227488AR
15,09014,Sant Andreu,Pg Enric Sanchis,14,1,1,0226823AR;0227069AR;0227130AR
15,09014,Sant Andreu,C\ Foc Follet,4,0,0,0227587AR;0227795AR;0228368AR
16,10094,Sant Marti,C\ Cristóbal de Moura,92,10,10,0023322AR;0023325AR;0023341AR
16,10094,Sant Marti,C\ Selva de Mar,33,6,6,0023233AR;0023244AR;0023469AR
16,10094,Sant Marti,C\ Bac de Roda,6,4,4,0023794AR;0023861AR;0024718AR
16,10094,Sant Marti,Av Diagonal,36,3,3,0023245AR;0023276AR;0023342AR
16,10094,Sant Marti,C\ Josep Pla,52,3,3,0023296AR;0023309AR;0023431AR
16,10094,Sant Marti,C\ Veneçuela,56,3,3,0023209AR;0023210AR;0023215AR
16,10094,Sant Marti,C\ Agricultura,23,2,2,0023247AR;0023258AR;0023641AR
16,10094,Sant Marti,C\ Marroc,4,0,0,0023207AR;0024152AR;0024514AR
16,10094,Sant Marti,C\ Pallars,87,0,0,0023208AR;0023348AR;0023352AR
16,10094,Sant Marti,C\ Treball,12,0,0,0023499AR;0023651AR;0023702AR
17,09009,Sant Andreu,C\ Ciutat d'Asunción,89,44,44,0226507AR;0226512AR;0226518AR
17,09009,Sant Andreu,C\ Lima,104,37,37,0226513AR;0226547AR;0226554AR
17,09009,Sant Andreu,C\ Caracas,128,31,31,0226530AR;0226535AR;0226615AR
17,09009,Sant Andreu,C\ Tucumán,20,11,11,0226595AR;0226698AR;0226751AR
17,09009,Sant Andreu,C\ Potosí,29,10,10,0226557AR;0226612AR;0226659AR
17,09009,Sant Andreu,Pl Celestí Boada Salvador,10,2,2,0226611AR;0226907AR;0227417AR
18,04052,Les Corts,Av Diagonal,87,20,20,0180335AR;0180352AR;0180395AR
18,04052,Les Corts,C\ Jiménez i Iglesias,44,11,11,0181917AR;0181924AR;0181968AR
18,04052,Les Corts,C\ Doctor Ferran,31,9,9,0182164AR;0182390AR;0182594AR
18,04052,Les Corts,C\ Pedro i Pons,32,6,6,0182245AR;0182347AR;0182671AR
18,04052,Les Corts,C\ Serra i Hunter,19,6,6,0182137AR;0182363AR;0182373AR
18,04052,Les Corts,Pg Manuel Girona,5,4,4,0182103AR;0182808AR;0182889AR
18,04052,Les Corts,C\ Rubió i Lluch,11,3,3,0182839AR;0183547AR;0183747AR
18,04052,Les Corts,C\ Lluís Pericot,27,0,0,0182071AR;0182077AR;0182188AR
19,02073,Eixample,G.V. Corts Catalanes,26,18,18,0094887AR;0094929AR;0095160AR
19,02073,Eixample,C\ Casp,22,17,17,0095338AR;0095379AR;0095836AR
19,02073,Eixample,Pl Tetuan,19,13,13,0094917AR;0095031AR;0095108AR
19,02073,Eixample,Pg Sant Joan,10,9,9,0099823AR;0099826AR;0099942AR
19,02073,Eixample,C\ Ausiàs Marc,9,8,8,0099943AR;0100125AR;0100271AR
19,02073,Eixample,C\ Girona,8,8,8,0095582AR;0095713AR;0096716AR
19,02073,Eixample,C\ Bailèn,13,7,7,0095311AR;0095594AR;0096178AR
20,10138,Sant Marti,Ptge Arriassa,13,10,10,0034898AR;0035767AR;0035874AR
20,10138,Sant Marti,C\ Ca n'Oliva,7,5,5,0034884AR;0035197AR;0035627AR
20,10138,Sant Marti,Ptge Ca n'Oliva,15,5,5,0034525AR;0034528AR;0034862AR
20,10138,Sant Marti,Rbla Guipúscoa,19,5,5,0038488AR;0038500AR;0038502AR
20,10138,Sant Marti,C\ Binèfar,19,2,2,0038479AR;0038487AR;0038506AR
20,10138,Sant Marti,Via Trajana,3,0,0,0038597AR;0038828AR;0038898AR
21,01055,Ciutat Vella,Pg Lluís Companys,184,75,75,0113166AR;0113172AR;0113181AR
21,01055,Ciutat Vella,Pg Pujades,29,16,16,0113238AR;0113278AR;0113322AR
21,01055,Ciutat Vella,C\ Buenaventura Muñoz,13,7,7,0113170AR;0113250AR;0113434AR
21,01055,Ciutat Vella,Pg Picasso,30,6,6,0113279AR;0113287AR;0113377AR
21,01055,Ciutat Vella,C\ Comerç,14,3,3,0113186AR;0113349AR;0113400AR
21,01055,Ciutat Vella,Av Vilanova,5,1,1,0113208AR;0113763AR;0114159AR
21,01055,Ciutat Vella,C\ Princesa,9,1,1,0113572AR;0113682AR;0113754AR
21,01055,Ciutat Vella,C\ Roger de Flor,4,1,1,0113685AR;0113797AR;0114473AR
21,01055,Ciutat Vella,C\ Almogàvers,5,0,0,0113974AR;0114001AR;0114123AR
22,02080,Eixample,Pg Gràcia,80,48,48,0094766AR;0094798AR;0094858AR
22,02080,Eixample,C\ València,25,11,11,0095038AR;0095169AR;0095197AR
22,02080,Eixample,C\ Mallorca,32,9,9,0094892AR;0095227AR;0095300AR
22,02080,Eixample,C\ Provença,9,4,4,0095119AR;0095258AR;0095380AR
22,02080,Eixample,C\ Roger de Llúria,12,2,2,0094874AR;0094915AR;0096068AR
22,02080,Eixample,C\ Pau Claris,6,0,0,0094933AR;0094937AR;0096448AR
23,10056,Sant Marti,C\ Doctor Trueta,48,15,15,0115856AR;0115862AR;0116011AR
23,10056,Sant Marti,C\ Ciutat de Granada,42,14,14,0115791AR;0115811AR;0116046AR
23,10056,Sant Marti,C\ Ramon Turró,26,11,11,0115823AR;0115885AR;0116138AR
23,10056,Sant Marti,C\ Pujades,30,8,8,0115802AR;0115833AR;0115992AR
23,10056,Sant Marti,C\ Llull,45,5,5,0115777AR;0115824AR;0115975AR
23,10056,Sant Marti,C\ Pallars,32,3,3,0115974AR;0116363AR;0118407AR
23,10056,Sant Marti,Av Icària,12,1,1,0115899AR;0116262AR;0116509AR
23,10056,Sant Marti,C\ Badajoz,3,1,1,0120182AR;0120300AR;0120599AR
23,10056,Sant Marti,C\ Àvila,15,0,0,0116053AR;0116196AR;0116358AR
24,10053,Sant Marti,Av Icària,56,17,17,0159689AR;0159696AR;0159700AR
24,10053,Sant Marti,C\ Rosa Sensat,24,15,15,0159755AR;0159976AR;0160003AR
24,10053,Sant Marti,C\ Joan Miró,52,13,13,0159667AR;0159687AR;0159751AR
24,10053,Sant Marti,C\ Doctor Trueta,30,11,11,0159671AR;0159784AR;0159814AR
24,10053,Sant Marti,C\ Arquitecte Sert,23,8,8,0159722AR;0159765AR;0159910AR
24,10053,Sant Marti,C\ Ramon Turró,11,4,4,0159712AR;0159829AR;0159886AR
24,10053,Sant Marti,C\ Àlaba,12,1,1,0159710AR;0159809AR;0160185AR
24,10053,Sant Marti,C\ Moscou,8,0,0,0160116AR;0160160AR;0160429AR
25,10076,Sant Marti,C\ Llull,43,10,10,0019309AR;0019430AR;0019452AR
25,10076,Sant Marti,C\ Selva de Mar,19,8,8,0019506AR;0019607AR;0019735AR
25,10076,Sant Marti,C\ Bac de Roda,23,6,6,0019308AR;0019427AR;0019461AR
25,10076,Sant Marti,Av Diagonal,109,5,5,0019316AR;0019317AR;0019346AR
25,10076,Sant Marti,C\ Pallars,55,4,4,0019319AR;0019380AR;0019397AR
25,10076,Sant Marti,C\ Fluvià,10,3,3,0019648AR;0019841AR;0019851AR
25,10076,Sant Marti,C\ Provençals,6,3,3,0019391AR;0019811AR;0020087AR
25,10076,Sant Marti,C\ Pujades,4,2,2,0019852AR;0019988AR;0020031AR
26,02159,Eixample,G.V. Corts Catalanes,49,44,44,0091962AR;0092074AR;0092110AR
26,02159,Eixample,C\ Sepúlveda,6,4,4,0092437AR;0092954AR;0093038AR
26,02159,Eixample,C\ Calàbria,3,3,3,0093182AR;0093489AR;0094344AR
26,02159,Eixample,C\ Rocafort,1,0,0,0092896AR
27,02079,Eixample,Pg Gràcia,78,49,49,0094787AR;0094811AR;0094816AR
27,02079,Eixample,C\ Consell de Cent,24,17,17,0094819AR;0094860AR;0094912AR
27,02079,Eixample,C\ Diputació,16,8,8,0095135AR;0095288AR;0095539AR
27,02079,Eixample,G.V. Corts Catalanes,30,8,8,0094778AR;0094886AR;0095024AR
27,02079,Eixample,C\ Aragó,6,3,3,0094852AR;0094928AR;0096125AR
28,02084,Eixample,C\ Rosselló,21,13,13,0167116AR;0167133AR;0167305AR
28,02084,Eixample,C\ Enric Granados,21,12,12,0167285AR;0167363AR;0167507AR
28,02084,Eixample,C\ Còrsega,8,8,8,0168002AR;0168356AR;0169157AR
28,02084,Eixample,C\ Provença,15,8,8,0167249AR;0167498AR;0167578AR
28,02084,Eixample,C\ Aribau,9,4,4,0167564AR;0167822AR;0168266AR
29,02160,Eixample,G.V. Corts Catalanes,50,39,39,0092077AR;0092127AR;0092178AR
29,02160,Eixample,C\ Comte d'Urgell,13,6,6,0091987AR;0092494AR;0092633AR
29,02160,Eixample,C\ Sepúlveda,6,0,0,0092362AR;0092484AR;0093267AR
30,01030,Ciutat Vella,C\ Rambla,37,23,23,0111221AR;0111242AR;0111253AR
30,01030,Ciutat Vella,Pl Duc de Medinaceli,15,6,6,0111215AR;0111247AR;0111481AR
30,01030,Ciutat Vella,Pg Colom,4,4,4,0111453AR;0111698AR;0111746AR
31,09015,Sant Andreu,Pg Verneda,38,20,20,0226795AR;0226820AR;0226848AR
31,09015,Sant Andreu,C\ Josep Finestres,16,13,13,0226879AR;0228224AR;0228345AR
31,09015,Sant Andreu,C\ Formiga,26,10,10,0226549AR;0226631AR;0226640AR
31,09015,Sant Andreu,C\ Santander,3,1,1,0227961AR;0228022AR;0229783AR
31,09015,Sant Andreu,T Estadella,2,1,1,0226881AR;0228567AR
31,09015,Sant Andreu,C\ Fra Juníper Serra,43,0,0,0226643AR;0226784AR;0226804AR
31,09015,Sant Andreu,C\ Sant Adrià,1,0,0,0227188AR
32,02060,Eixample,Av Diagonal,43,39,39,0094803AR;0095030AR;0095092AR
32,02060,Eixample,C\ Rosselló,11,10,10,0094827AR;0095145AR;0095215AR
32,02060,Eixample,C\ Provença,9,4,4,0095057AR;0095281AR;0096372AR
32,02060,Eixample,C\ Girona,4,3,3,0096070AR;0097216AR;0097450AR
32,02060,Eixample,C\ Bailèn,2,1,1,0095477AR;0097850AR
32,02060,Eixample,C\ Bruc,1,0,0,0096306AR
33,10064,Sant Marti,Rbla Poblenou,59,22,22,0115900AR;0115999AR;0116163AR
33,10064,Sant Marti,C\ Pujades,37,15,15,0115793AR;0115881AR;0116076AR
33,10064,Sant Marti,C\ Llull,20,10,10,0115810AR;0115913AR;0116264AR
33,10064,Sant Marti,C\ Llacuna,17,6,6,0115834AR;0115920AR;0116036AR
33,10064,Sant Marti,C\ Pallars,23,5,5,0115866AR;0115961AR;0116130AR
34,10047,Sant Marti,Pg Pujades,57,22,22,0026773AR;0026807AR;0026830AR
34,10047,Sant Marti,C\ Nàpols,12,7,7,0026856AR;0027034AR;0027275AR
34,10047,Sant Marti,C\ Buenaventura Muñoz,13,5,5,0027375AR;0027589AR;0027862AR
34,10047,Sant Marti,C\ Wellington,5,5,5,0026878AR;0027067AR;0028063AR
34,10047,Sant Marti,C\ Roger de Flor,3,3,3,0028111AR;0028364AR;0028530AR
35,10051,Sant Marti,C\ Wellington,24,21,21,0113304AR;0113567AR;0113805AR
35,10051,Sant Marti,C\ Llull,22,17,17,0159918AR;0159979AR;0160340AR
35,10051,Sant Marti,C\ Ramon Turró,18,11,11,0159685AR;0159970AR;0160424AR
35,10051,Sant Marti,C\ Sardenya,15,9,9,0159670AR;0159682AR;0159807AR
35,10051,Sant Marti,C\ Joan d'Àustria,4,2,2,0160016AR;0160432AR;0161238AR
36,04047,Les Corts,Av Albert Bastardas,76,20,20,0231106AR;0231199AR;0231278AR
36,04047,Les Corts,Av Doctor Marañón,50,11,11,0231060AR;0231143AR;0231163AR
36,04047,Les Corts,C\ Josep Sunyol i Garriga,16,8,8,0231188AR;0231495AR;0231741AR
36,04047,Les Corts,C\ General Batet,33,5,5,0231313AR;0231388AR;0231473AR
36,04047,Les Corts,Av Manuel Azaña,28,2,2,0231245AR;0231306AR;0231343AR
36,04047,Les Corts,Av Diagonal,41,1,1,0231041AR;0231247AR;0231368AR
36,04047,Les Corts,Av Xile,2,0,0,0231683AR;0232094AR
37,02110,Eixample,C\ París,30,13,13,0088391AR;0088422AR;0088551AR
37,02110,Eixample,C\ Comte d'Urgell,16,11,11,0088284AR;0088317AR;0088673AR
37,02110,Eixample,C\ Rosselló,14,7,7,0088662AR;0088741AR;0088779AR
37,02110,Eixample,C\ Viladomat,22,7,7,0088186AR;0088291AR;0088295AR
37,02110,Eixample,C\ Comte Borrell,6,2,2,0088657AR;0088782AR;0089017AR
37,02110,Eixample,C\ Londres,16,2,2,0088387AR;0088677AR;0088924AR
37,02110,Eixample,Av Josep Tarradellas,5,1,1,0088456AR;0088963AR;0091052AR
38,10101,Sant Marti,C\ Perú,79,27,27,0023290AR;0023299AR;0023304AR
38,10101,Sant Marti,C\ Selva de Mar,37,13,13,0023222AR;0023289AR;0023385AR
38,10101,Sant Marti,C\ Bac de Roda,30,5,5,0023239AR;0023448AR;0023523AR
38,10101,Sant Marti,C\ Bolívia,22,4,4,0023356AR;0023571AR;0023658AR
38,10101,Sant Marti,C\ Josep Pla,13,2,2,0023223AR;0023293AR;0023584AR
38,10101,Sant Marti,C\ Fluvià,7,1,1,0023561AR;0024286AR;0024652AR
39,04049,Les Corts,C\ Pau Gargallo,91,25,25,0231044AR;0231049AR;0231075AR
39,04049,Les Corts,Av Joan XXIII,96,24,24,0231081AR;0231084AR;0231139AR
39,04049,Les Corts,Av Diagonal,65,18,18,0231055AR;0231068AR;0231109AR
39,04049,Les Corts,Av Doctor Marañón,29,6,6,0231189AR;0231208AR;0231220AR
39,04049,Les Corts,C\ Arístides Maillol,18,6,6,0231119AR;0231281AR;0231414AR
39,04049,Les Corts,Trav Corts,9,6,6,0231728AR;0232098AR;0232170AR
39,04049,Les Corts,C\ Menéndez y Pelayo,17,5,5,0231885AR;0231910AR;0231994AR
39,04049,Les Corts,C\ Martí i Franquès,4,0,0,0336908AR;0336909AR;0336910AR
39,04049,Les Corts,E.A. Cementiri de Sants,7,0,0,0336912AR;0336913AR;0336914AR
40,10120,Sant Marti,C\ Concili de Trento,35,23,23,0030374AR;0030402AR;0030458AR
40,10120,Sant Marti,Rbla Guipúscoa,42,14,14,0030390AR;0030443AR;0030487AR
40,10120,Sant Marti,C\ Cantàbria,14,10,10,0030480AR;0030516AR;0030524AR
40,10120,Sant Marti,C\ Agricultura,13,9,9,0030838AR;0030991AR;0031092AR
40,10120,Sant Marti,C\ Treball,22,9,9,0030363AR;0030518AR;0030703AR
40,10120,Sant Marti,C\ Selva de Mar,1,0,0,0031238AR
41,02101,Eixample,C\ Mallorca,28,13,13,0167264AR;0167281AR;0167521AR
41,02101,Eixample,C\ Provença,13,9,9,0167359AR;0167552AR;0167795AR
41,02101,Eixample,C\ Comte d'Urgell,9,7,7,0167128AR;0167502AR;0167904AR
41,02101,Eixample,C\ Muntaner,5,4,4,0167131AR;0167429AR;0168893AR
41,02101,Eixample,C\ Villarroel,5,2,2,0167392AR;0168480AR;0169047AR
41,02101,Eixample,C\ Casanova,1,1,1,0170256AR
42,08029,Nou Barris,Av Meridiana,198,55,55,0131675AR;0131676AR;0131692AR
42,08029,Nou Barris,Pg Valldaura,39,7,7,0131665AR;0131871AR;0131920AR
42,08029,Nou Barris,Av Rio de Janeiro,57,5,5,0131753AR;0131758AR;0131870AR
42,08029,Nou Barris,Pg Andreu Nin,80,4,4,0131651AR;0131678AR;0131726AR
42,08029,Nou Barris,Pl Xandri,1,0,0,0132014AR
43,02076,Eixample,G.V. Corts Catalanes,46,30,30,0094863AR;0095034AR;0095147AR
43,02076,Eixample,C\ Bruc,13,10,10,0095387AR;0095413AR;0095727AR
43,02076,Eixample,C\ Casp,16,10,10,0095326AR;0095386AR;0096176AR
43,02076,Eixample,C\ Ausiàs Marc,9,9,9,0099914AR;0099941AR;0100219AR
43,02076,Eixample,C\ Girona,6,5,5,0096289AR;0096653AR;0098877AR
44,10100,Sant Marti,C\ Espronceda,44,36,36,0023214AR;0023264AR;0023461AR
44,10100,Sant Marti,C\ Perú,22,8,8,0023235AR;0023270AR;0023349AR
44,10100,Sant Marti,C\ Bolívia,5,4,4,0023774AR;0024898AR;0025658AR
44,10100,Sant Marti,G.V. Corts Catalanes,2,2,2,0025139AR;0025842AR
44,10100,Sant Marti,C\ Bac de Roda,33,1,1,0023337AR;0023396AR;0023427AR
45,01032,Ciutat Vella,Pg Joan Borbó Comte Barcelona,156,42,42,0109101AR;0109116AR;0109120AR
45,01032,Ciutat Vella,Pl Pau Vila,23,10,10,0109532AR;0109798AR;0109953AR
45,01032,Ciutat Vella,C\ Ginebra,1,1,1,0110394AR
46,02149,Eixample,G.V. Corts Catalanes,77,29,29,0088190AR;0088200AR;0088212AR
46,02149,Eixample,C\ Diputació,12,10,10,0088177AR;0088421AR;0088536AR
46,02149,Eixample,C\ Vilamarí,5,4,4,0088229AR;0088852AR;0089673AR
46,02149,Eixample,C\ Llança,6,3,3,0089030AR;0089220AR;0089243AR
46,02149,Eixample,C\ Entença,2,1,1,0090386AR;0090920AR
47,02089,Eixample,C\ València,21,18,18,0167367AR;0167402AR;0167771AR
47,02089,Eixample,C\ Mallorca,22,15,15,0167376AR;0167798AR;0167906AR
47,02089,Eixample,C\ Enric Granados,10,8,8,0167231AR;0167601AR;0167776AR
47,02089,Eixample,C\ Aribau,5,5,5,0167417AR;0167746AR;0168096AR
47,02089,Eixample,C\ Muntaner,3,2,2,0167468AR;0168092AR;0169692AR
48,05033,Sarria-Sant Gervasi,Av Tibidabo,109,41,41,0075710AR;0075760AR;0075782AR
48,05033,Sarria-Sant Gervasi,C\ Collserola,38,8,8,0075853AR;0075971AR;0076081AR
48,05033,Sarria-Sant Gervasi,C\ Bosch i Alsina,10,6,6,0075765AR;0076061AR;0076268AR
48,05033,Sarria-Sant Gervasi,C\ Román Macaya,15,5,5,0075756AR;0075858AR;0076587AR
48,05033,Sarria-Sant Gervasi,Pg Sant Gervasi,8,3,3,0075696AR;0075913AR;0076726AR
48,05033,Sarria-Sant Gervasi,C\ Isaac Newton,20,2,2,0075747AR;0076124AR;0076302AR
48,05033,Sarria-Sant Gervasi,Pl Alfonso Comín,12,1,1,0075740AR;0075808AR;0075814AR
49,04053,Les Corts,Av Esplugues,49,26,26,0181914AR;0182057AR;0182063AR
49,04053,Les Corts,C\ Cavallers,49,21,21,0182017AR;0182045AR;0182152AR
49,04053,Les Corts,C\ Santa Caterina de Siena,22,1,1,0181944AR;0182041AR;0182102AR
49,04053,Les Corts,C\ Dulcet,1,0,0,0185817AR
50,05031,Sarria-Sant Gervasi,Pg Bonanova,84,61,61,0075711AR;0075732AR;0075767AR
50,05031,Sarria-Sant Gervasi,C\ Escoles Pies,3,2,2,0076671AR;0077262AR;0077637AR
51,02002,Eixample,C\ Ausiàs Marc,10,6,6,0102560AR;0102876AR;0102911AR
51,02002,Eixample,C\ Roger de Flor,8,5,5,0102768AR;0103292AR;0103380AR
51,02002,Eixample,C\ Nàpols,7,0,0,0102561AR;0102565AR;0103184AR
51,02002,Eixample,C\ Ribes,4,0,0,0102961AR;0103366AR;0104556AR
52,02088,Eixample,C\ Enric Granados,16,15,15,0167373AR;0167679AR;0167714AR
52,02088,Eixample,C\ Provença,20,13,13,0167224AR;0168064AR;0168139AR
52,02088,Eixample,C\ Mallorca,16,11,11,0167093AR;0167299AR;0167466AR
52,02088,Eixample,C\ Aribau,8,6,6,0167522AR;0168264AR;0168268AR
52,02088,Eixample,C\ Muntaner,6,5,5,0167151AR;0167516AR;0168054AR
53,02092,Eixample,C\ Diputació,21,16,16,0167114AR;0167700AR;0167834AR
53,02092,Eixample,C\ Aribau,11,8,8,0167755AR;0168116AR;0168206AR
53,02092,Eixample,C\ Muntaner,16,8,8,0167144AR;0167189AR;0167372AR
53,02092,Eixample,C\ Consell de Cent,11,6,6,0167694AR;0167973AR;0168261AR
53,02092,Eixample,C\ Aragó,6,5,5,0167506AR;0168137AR;0169841AR
53,02092,Eixample,G.V. Corts Catalanes,26,4,4,0167329AR;0167454AR;0167455AR
54,06064,Gracia,C\ Bailèn,22,18,18,0200712AR;0200817AR;0200819AR
54,06064,Gracia,Pg Sant Joan,25,14,14,0200631AR;0200655AR;0200767AR
54,06064,Gracia,C\ Sant Antoni Maria Claret,15,8,8,0200918AR;0201057AR;0201271AR
54,06064,Gracia,C\ Indústria,6,2,2,0200777AR;0201036AR;0201064AR
54,06064,Gracia,Trav Gràcia,1,0,0,0202235AR
55,03107,Sants-Montjuic,C\ Vallespir,32,19,19,0216399AR;0216442AR;0216490AR
55,03107,Sants-Montjuic,C\ Comtes de Bell-lloc,15,10,10,0216587AR;0216837AR;0216968AR
55,03107,Sants-Montjuic,C\ Viriat,7,6,6,0216607AR;0216667AR;0217114AR
55,03107,Sants-Montjuic,C\ Valladolid,6,5,5,0216722AR;0217242AR;0217679AR
55,03107,Sants-Montjuic,C\ Numància,7,4,4,0216460AR;0216501AR;0217027AR
55,03107,Sants-Montjuic,C\ Dolors Batlle i Sunyer,6,0,0,0216813AR;0217611AR;0217628AR
56,02056,Eixample,Av Diagonal,48,30,30,0094857AR;0094866AR;0095056AR
56,02056,Eixample,Pg Sant Joan,23,17,17,0094830AR;0094936AR;0095112AR
56,02056,Eixample,C\ Mallorca,22,5,5,0094883AR;0094991AR;0095561AR
56,02056,Eixample,C\ Roger de Flor,10,2,2,0095071AR;0095268AR;0095392AR
56,02056,Eixample,C\ Provença,7,1,1,0095551AR;0096135AR;0096726AR
56,02056,Eixample,C\ Nàpols,2,0,0,0095995AR;0096457AR
56,02056,Eixample,C\ València,1,0,0,0293262AR
57,10069,Sant Marti,C\ Pallars,26,10,10,0115778AR;0115865AR;0116134AR
57,10069,Sant Marti,Av Diagonal,116,9,9,0021921AR;0023256AR;0023268AR
57,10069,Sant Marti,C\ Lope de Vega,10,2,2,0116302AR;0116782AR;0116957AR
57,10069,Sant Marti,C\ Bac de Roda,9,1,1,0115785AR;0115973AR;0117985AR
58,07103,Horta-Guinardo,Pg Vall d'Hebron,198,30,30,0209271AR;0209274AR;0209278AR
58,07103,Horta-Guinardo,C\ Germans Desvalls,50,12,12,0209262AR;0209344AR;0209352AR
58,07103,Horta-Guinardo,Pg Valldaura,15,4,4,0209306AR;0209356AR;0209449AR
58,07103,Horta-Guinardo,C\ Paulo Freire,9,3,3,0209404AR;0209638AR;0209655AR
58,07103,Horta-Guinardo,Camí Antic de Sant Llàtzer,6,1,1,0209351AR;0209678AR;0209997AR
58,07103,Horta-Guinardo,Jard Marià Cañardo i Lacasta,1,1,1,0210860AR
58,07103,Horta-Guinardo,Pl Karl Marx,1,0,0,0209974AR
59,02166,Eixample,Rda Sant Antoni,12,11,11,0091988AR;0092276AR;0092678AR
59,02166,Eixample,C\ Tamarit,12,9,9,0091960AR;0092247AR;0092314AR
59,02166,Eixample,C\ Comte d'Urgell,13,5,5,0092133AR;0092460AR;0092697AR
59,02166,Eixample,C\ Floridablanca,8,5,5,0092508AR;0093004AR;0093180AR
59,02166,Eixample,C\ Villarroel,5,3,3,0092562AR;0093725AR;0093856AR
59,02166,Eixample,C\ Comte Borrell,1,1,1,0094316AR
59,02166,Eixample,C\ Casanova,1,0,0,0092093AR
60,02078,Eixample,Pg Gràcia,63,38,38,0095042AR;0095224AR;0095344AR
60,02078,Eixample,G.V. Corts Catalanes,47,20,20,0094828AR;0094972AR;0095096AR
60,02078,Eixample,C\ Consell de Cent,23,8,8,0094784AR;0095097AR;0095563AR
60,02078,Eixample,C\ Roger de Llúria,10,5,5,0096530AR;0096670AR;0096780AR
60,02078,Eixample,C\ Diputació,3,1,1,0095726AR;0097732AR;0099307AR
60,02078,Eixample,C\ Pau Claris,5,1,1,0095862AR;0095927AR;0096990AR
